NEW_COM,GOM_LABEL,total_landings
cobia,Coastal Migratory Pelagics,59549627.7530231
king mackerel,Coastal Migratory Pelagics,165989795.2696533
spanish mackerel,Coastal Migratory Pelagics,182613992.86783734
red drum,Red Drum,571097075.3420922
almaco jack,Reef Fish,4171085.9245652435
banded rudderfish,Reef Fish,3696416.6870671147
black grouper,Reef Fish,10831169.139141638
blackfin snapper,Reef Fish,35670.8164929943
blackline tilefish,Reef Fish,23671.993304803258
blueline tilefish,Reef Fish,544403.3743956406
cubera snapper,Reef Fish,933348.881817205
dog snapper,Reef Fish,439161.6314031902
dwarf sand perch,Reef Fish,494677.7119657087
gag,Reef Fish,125061158.62844007
goldface tilefish,Reef Fish,2019.7674270217874
goliath grouper,Reef Fish,3687757.4038000447
gray snapper,Reef Fish,105076442.61713125
gray triggerfish,Reef Fish,43956700.92727543
greater amberjack,Reef Fish,130324088.02009949
hogfish,Reef Fish,15161672.5617002
lane snapper,Reef Fish,18318445.216689907
lesser amberjack,Reef Fish,875380.7280672933
mahogany snapper,Reef Fish,55909.06248784519
misty grouper,Reef Fish,5345.301257967375
mutton snapper,Reef Fish,16540247.113938414
nassau grouper,Reef Fish,3432320.814577561
queen snapper,Reef Fish,366002.3919141616
red grouper,Reef Fish,109833387.35424796
red hind,Reef Fish,279888.9111381734
red snapper,Reef Fish,305183372.1602482
rock hind,Reef Fish,331781.0382323754
sand perch,Reef Fish,5600026.967807872
scamp,Reef Fish,5885577.3168224655
schoolmaster,Reef Fish,549224.6358592948
silk snapper,Reef Fish,1276761.3192716283
snowy grouper,Reef Fish,2242264.082360379
speckled hind,Reef Fish,161289.98317223706
tilefish,Reef Fish,1427733.9478075434
vermilion snapper,Reef Fish,47819202.247566916
warsaw grouper,Reef Fish,6977473.405168074
wenchman,Reef Fish,9175.553330527155
yellowedge grouper,Reef Fish,851307.1632460571
yellowfin grouper,Reef Fish,397826.6150726138
yellowmouth grouper,Reef Fish,151497.1023938866
yellowtail snapper,Reef Fish,32474868.893576548
Darwins slimehead,NA,0
Hemiramphus spp.,NA,0
Orectolobidae shark family,NA,0
Silver Carp,NA,0
academy eel,NA,0
african pompano,NA,1772344.9995720636
agujon,NA,2814.6199911227923
alabama shad,NA,0
albacore,NA,165523.0166284991
alewife,NA,201866.07896809527
alligator gar,NA,10148450.075325796
amberjack genus,NA,827594.2322406902
american eel,NA,303624.9891131411
american shad,NA,0
anchor tilefish,NA,0
anchovy family,NA,3942968.1112150657
angelfish family,NA,358.9087653632234
antenna codlet,NA,0
atlantic angel shark,NA,25488.937450538873
atlantic bonito,NA,6330860.17244586
atlantic bumper,NA,647712.5931701825
atlantic croaker,NA,55906739.15361805
atlantic cutlassfish,NA,201495.87923514482
atlantic flyingfish,NA,58.114940350880815
atlantic guitarfish,NA,77014.46548982602
atlantic herring,NA,40980.13338550106
atlantic mackerel,NA,3442.4051548810153
atlantic menhaden,NA,118536.67794201721
atlantic midshipman,NA,0
atlantic moonfish,NA,40218.20275802411
atlantic needlefish,NA,272821.9398739678
atlantic pomfret,NA,0
atlantic sharpnose shark,NA,10358203.5039368
atlantic silverside,NA,13695.586727246244
atlantic spadefish,NA,12217017.05092276
atlantic stingray,NA,2136219.9812099813
atlantic tarpon,NA,3527034.593032494
atlantic thread herring,NA,22201280.61232598
atlantic threadfin,NA,241295.21506341972
balao,NA,0
balloonfish,NA,0
ballyhoo,NA,678099.6561101852
banded butterflyfish,NA,0
banded drum,NA,23568.73505657405
banded pipefish,NA,0
banded shrimp eel,NA,268.2282538673955
bandtail puffer,NA,566.8461571842173
bandtail searobin,NA,976.981708137896
bank cusk-eel,NA,25.80284670866143
bank sea bass,NA,1319668.014231718
bar jack,NA,1595106.1574388603
barbfish,NA,0
barracuda genus,NA,851450.6333563253
barred grunt,NA,22012.890523433318
barrelfish,NA,1069961.5132603224
bass genus,NA,162498.74206218516
batfish family,NA,0
bay anchovy,NA,49346.317654925275
bay whiff,NA,4398.086363287669
bayou killifish,NA,0
bearded brotula,NA,338894.68107383326
beaugregory,NA,2327.3793065616023
belted sandfish,NA,0
bermuda chub,NA,445836.9927888508
bigeye,NA,221508.4183849997
bigeye cigarfish,NA,0
bigeye family,NA,30.72626532894926
bigeye mojarra,NA,2866.814509213193
bigeye scad,NA,275259.73534729774
bigeye searobin,NA,311.74322610080566
bigeye soldierfish,NA,0
bigeye thresher,NA,177.240742123269
bigeye tuna,NA,487887.94116789
bighead searobin,NA,25973.469696299086
bigmouth buffalo,NA,0
bignose shark,NA,4921.899403966002
bigscale pomfret,NA,26313.15664558596
billfish family,NA,0
black bullhead,NA,33065.41460477961
black crappie,NA,43892.298048770026
black dogfish,NA,819.790883038252
black driftfish,NA,0
black drum,NA,151174300.35895762
black durgon,NA,10234.943616940001
black jack,NA,37499.73377944033
black margate,NA,238499.32968843123
black sea bass,NA,16409113.394854195
black snapper,NA,577390.5965793114
blackbar drum,NA,3312.0756537423017
blackbar soldierfish,NA,0
blackbelly rosefish,NA,210431.1551282735
blackcheek tonguefish,NA,54984.67661531807
blackear bass,NA,42.94772663313743
blackear wrasse,NA,0
blackedge moray,NA,19.6022009
blackfin tuna,NA,37640050.41183634
blacknose shark,NA,2053223.581473223
blacktip shark,NA,25206400.941574942
blackwing searobin,NA,225.43573433321626
blotched cusk-eel,NA,267.427338997879
blotched snake eel,NA,0
blue angelfish,NA,290952.2070314662
blue catfish,NA,8880786.41000682
blue croaker,NA,0
blue marlin,NA,8753907.091488896
blue parrotfish,NA,74312.43181015355
blue runner,NA,64543393.18164653
blue shark,NA,838726.6852472946
blue tang,NA,24347.538043782915
blue tilapia,NA,64000.487932957505
blue tilapia genus,NA,0
bluefin tuna,NA,166613.81572846032
bluefish,NA,32575847.963092346
bluegill,NA,512013.0200352313
bluespotted cornetfish,NA,91.07016842204672
bluestriped grunt,NA,4832564.518046948
blunthead puffer,NA,0
bluntnose jack,NA,85170.66851418068
bluntnose stingray,NA,391144.1875981284
bonefish,NA,66579.1630780955
bonnethead,NA,5937646.7115953965
bowfin,NA,38038.070917511075
boxfish genus,NA,0
bridle cardinalfish,NA,0
broad flounder,NA,420.760243857501
brown bullhead,NA,5361.485831355347
bull shark,NA,5126282.900793167
bullet mackerel,NA,776.7249000903311
bulleye,NA,7349.645579615779
bullnose ray,NA,0
burrfish genus,NA,0
burro grunt,NA,1811.5423544121081
butter hamlet,NA,0
butterfish,NA,123854.88151283283
butterfish family,NA,178031.06473465016
butterfly ray genus,NA,0
butterflyfish genus,NA,106418.4270011833
caesar grunt,NA,96789.33209269357
cardinalfish family,NA,947.734287296945
carolina hake,NA,101.17791240000001
cartilaginous fishes,NA,0
cat shark family,NA,0
cero,NA,6395650.457368486
chain moray,NA,35314.1013988
chain pickerel,NA,0
channel catfish,NA,3711225.3361397064
checkered puffer,NA,7439.460624520903
cherubfish,NA,0
chloeia viridis,NA,0
chub mackerel,NA,2565578.8622422
cichlid family,NA,0
clearnose skate,NA,191593.29370009076
clearwing flyingfish,NA,0
clingfish family,NA,66.634035
clinid family,NA,0
clown goby,NA,0
clown wrasse,NA,3857.8693815926235
cocoa damselfish,NA,0
code goby,NA,0
comb grouper,NA,414.8807345333333
combtooth blenny family,NA,0
common carp,NA,830577.6967557317
common snook,NA,13453067.633322477
coney,NA,13855.136370586171
conger eel,NA,3617.0779479351813
conger eel family,NA,317.11791339441805
cornetfish genus,NA,0
cottonmouth jack,NA,4634.664290148491
cottonwick,NA,593.3736397440923
cownose ray,NA,3223828.517615471
crappie genus,NA,0
creole wrasse,NA,1146.6289775979592
creole-fish,NA,23115.714055311666
crevalle jack,NA,35492935.76905789
cubbyu,NA,22618.85718173854
cusk-eel family,NA,196661.01343109133
"cutlassfish, unidentified",NA,7.4350135
damselfish family,NA,249706.26534317763
deepwater flounder,NA,616.808059517553
deepwater redfish,NA,0
deepwater squirrelfish,NA,0
devil ray,NA,6133.281624860821
diamond killifish,NA,0
doctorfish,NA,46778.10988387337
dogfish shark family,NA,12004.393351149587
dolphin,NA,150532254.79778013
dolphin family,NA,0
dolphin genus,NA,1031010.5996525834
dotterel filefish,NA,0
drum family,NA,2153640.4455865887
dusky anchovy,NA,0
dusky damselfish,NA,3510.8662383263545
dusky flounder,NA,26048.731922562663
dusky shark,NA,1378471.686133062
dusky squirrelfish,NA,0
dwarf seahorse,NA,0
eagle ray family,NA,0
eelgrass blenny,NA,0
eelpout family,NA,0
electric ray family,NA,0
emerald parrotfish,NA,14561.11939605705
escolar,NA,2102.7905681595025
false moray,NA,0
false pilchard,NA,668229.0428645135
fantail mullet,NA,383361.45657029405
fat sleeper,NA,0
fat snook,NA,55.9995827346536
finescale menhaden,NA,33345.55771653176
finetooth shark,NA,481273.1834850006
flagfin mojarra,NA,0
flamefish,NA,0
flat needlefish,NA,52544.23668158632
flathead catfish,NA,967523.9799712889
florida blenny,NA,0
florida gar,NA,31292.786500081333
florida pompano,NA,17609428.053195987
florida smoothhound,NA,59559.09348872012
flying gurnard,NA,6.4247555499999995
flying gurnard family,NA,0
flyingfish family,NA,14995.801910924625
foureye butterflyfish,NA,0
freckled skate,NA,0
french angelfish,NA,10432.338729369281
french grunt,NA,576495.7743618216
freshwater catfish family,NA,175300.71733784006
freshwater catfish genus,NA,3941.330893854896
freshwater drum,NA,515262.2640580458
frigate mackerel,NA,49541.208751226994
frillfin goby,NA,0
fringed filefish,NA,0
fringed flounder,NA,2395.7893101254176
frogfish genus,NA,0
gafftopsail catfish,NA,33980940.33737026
gar family,NA,0
gar genus,NA,2996123.3131339937
giant bluefin,NA,0
gizzard shad,NA,431326.7562719705
glasseye snapper,NA,7532.911516302234
glassy sweeper,NA,0
goatfish family,NA,2360.4290983490905
goby family,NA,0
goldentail moray,NA,0
goldspotted eel,NA,0
goldspotted killifish,NA,1236.8654487856481
"goosefish, unidentified",NA,9.0564968
grass carp,NA,0
grass porgy,NA,585258.6872376346
gray angelfish,NA,40097.53931871555
gray flounder,NA,0
graysby,NA,189373.69184180675
great barracuda,NA,22703516.29683658
great hammerhead,NA,4968925.225157401
greater soapfish,NA,0
green moray,NA,4883.647636538589
green sunfish,NA,4124.143036435918
greenband wrasse,NA,2709.605989744833
grouper genus Epinephelus,NA,4180573.2520339023
grouper genus Mycteroperca,NA,266712.0514621094
grunt family,NA,7031483.259173112
grunt genus,NA,1125090.0532555957
guaguanche,NA,12271.30346289144
gulf butterfish,NA,49443.99224246117
gulf flounder,NA,15192235.222551359
gulf hake,NA,17583.134322780297
gulf killifish,NA,416718.0034397698
gulf kingfish,NA,27920210.076496743
gulf menhaden,NA,24218452.708447322
gulf stream flounder,NA,9182.400401575384
gulf surgeonfish,NA,1981.643418929869
gulf toadfish,NA,223873.7011631479
hairy blenny,NA,68.4750262298305
hake genus,NA,22882.962994335634
hammerhead shark family,NA,0
hammerhead shark genus,NA,2247068.5766732353
hardhead catfish,NA,40017858.81221791
hardhead silverside,NA,0
harvestfish,NA,0
herring family,NA,43235331.895535566
herring genus,NA,264851.08733849967
hickory shad,NA,14023.848318883145
high-hat,NA,7.837352999999999
highfin scorpionfish,NA,0
hogchoker,NA,279567.0474509576
honeycomb cowfish,NA,11090.81058765109
horse-eye jack,NA,323034.8907484887
houndfish,NA,151313.11464102528
hybrid striped bass,NA,297779.2599763062
hypogastrura glancei,NA,0
inland silverside,NA,31601.39601047443
inshore lizardfish,NA,574755.6238180419
irish pompano,NA,216680.0179652706
jack family,NA,10574100.778099116
jack genus,NA,497252.85219237173
jackknife-fish,NA,3516.1687968504293
jawfish family,NA,0
jolthead porgy,NA,2461314.7500103978
keeltail needlefish,NA,67.26747999999995
key anchovy,NA,0
killifish family,NA,6138560.666912933
king snake eel,NA,80.99700399999999
kingfish genus,NA,3964322.8435975984
knobbed porgy,NA,962909.1752386356
ladyfish,NA,20656893.315227583
lantern bass,NA,49625.012481112906
large medium bluefin,NA,35082.9021
large school bluefin,NA,0
largemouth bass,NA,7237154.737619388
largescale lizardfish,NA,0
largetooth sawfish,NA,0
least puffer,NA,10465.177341678984
leatherjack,NA,362012.11124411767
leatherjacket family,NA,1277170.8000221108
lefteye flounder family,NA,5836893.107790415
lefteye flounder genus,NA,1273150.706181413
lemon shark,NA,1612093.2462341827
leopard searobin,NA,2939.303577504468
leopard shark,NA,300.9279
leopard toadfish,NA,8148.765000777267
lesser electric ray,NA,0
lined seahorse,NA,715.480557304435
lined sole,NA,0
lionfish genus,NA,0
little tunny,NA,63034364.32636574
littlehead porgy,NA,2413645.4460770623
livebearer family,NA,0
lizardfish family,NA,146361.36507832957
lizardfish genus,NA,57129.42911441196
longbill spearfish,NA,0
longfin scorpionfish,NA,0
longjaw squirrelfish,NA,14.3299
longnose gar,NA,238284.84009784422
longnose killifish,NA,0
longspine porgy,NA,88502.73290400657
longspine scorpionfish,NA,7562.380193262037
longspine squirrelfish,NA,7999.860594848404
longtail bass,NA,29084.00079279354
lookdown,NA,295545.1822894736
lyre goby,NA,0
mackerel family,NA,6087600.209411674
mackerel genus,NA,0
mackerel scad,NA,29190.729228124495
mackerel shark family,NA,152.69142792452803
mako shark,NA,214292.09246730074
manta,NA,0
manta family,NA,0
marbled grouper,NA,97178.96389489682
marbled puffer,NA,4439.020114543002
margate,NA,2130292.51832497
margintail conger,NA,0
marlinsucker,NA,123.67806
marsh killifish,NA,2520.4724238605986
mayan cichlid,NA,9277.654436642693
menhaden genus,NA,0
mexican flounder,NA,85434.2453187631
mexican searobin,NA,981.5436143617042
midnight parrotfish,NA,51541.350141872295
mojarra family,NA,7411389.422172989
mola family,NA,0
molly miller,NA,0
moray family,NA,1736.9800894
moray genus,NA,6.018558
mottled jawfish,NA,5705.530517430157
mottled mojarra,NA,2825.926321881163
mullet family,NA,1078378.9578302638
mullet genus,NA,21776411.943111602
mutton hamlet,NA,4.96035
naked sole,NA,9.15550503492266
needlefish family,NA,62062.44679878933
needlefish genus,NA,0
neon goby,NA,0
night sergeant,NA,0
night shark,NA,23048.657182947307
northern kingfish,NA,337249.15743673337
northern puffer,NA,0
northern searobin,NA,0
northern sennet,NA,1206.1850532117187
nurse shark,NA,8016147.528229797
ocean surgeon,NA,5637.544117997546
ocean triggerfish,NA,784136.9075084659
ocean whitetip shark,NA,492.85662511314706
ocellated flounder,NA,41224.57049810724
ocellated frogfish,NA,5.1014444
ocellated moray,NA,12.676449999999999
offshore lizardfish,NA,2398.4672027660613
oilfish,NA,70.150372
orange filefish,NA,148420.97128268037
orangespotted filefish,NA,0
oyster blenny,NA,0
oyster toadfish,NA,1575.326098507331
pacific bonito,NA,18650.0525429677
painted wrasse,NA,8830.07650767389
palespotted eel,NA,48.501200000000004
palometa,NA,5931.02848982756
parrotfish family,NA,164651.11891056062
peacock flounder,NA,4.3788867499999995
pearlfish,NA,0
pearly razorfish,NA,386.73758396175594
permit,NA,3132159.2576866252
pigfish,NA,7663483.316871046
pilotfish,NA,6380.630527573229
pinfish,NA,83065544.44572398
pipefish family,NA,0
planehead filefish,NA,29428.734902165674
polka-dot batfish,NA,0
polka-dot ribbonfish,NA,0
pomfret family,NA,0
pompano dolphin,NA,1293480.089184757
"pompano, unidentified",NA,984.0840886564182
porcupinefish,NA,27.5575
porgy family,NA,2893844.3519193646
porgy genus,NA,0
porgy sp.,NA,0
porkfish,NA,330765.5339398171
princess parrotfish,NA,10997.652732574163
puddingwife,NA,20997.83783256245
puffer family,NA,54375.97225264808
puffer genus lagocephalus,NA,201.42787239392803
puffer genus sphoeroides,NA,5364.186769936378
pumpkinseed,NA,342.7641478296331
purple reeffish,NA,14062.9252719773
queen angelfish,NA,35167.38786600259
queen parrotfish,NA,17091.33535413109
queen triggerfish,NA,952587.9400745676
rainbow parrotfish,NA,48085.76706634587
rainbow runner,NA,594637.4422543653
rainbow wrasse,NA,133.950380399082
rainwater killifish,NA,1227.16626448088
red barbier,NA,0
red cornetfish,NA,48.963212217692764
red goatfish,NA,1.2454549084967323
red hake,NA,29.34831353844458
red hogfish,NA,203536.56179890342
red lizardfish,NA,0
red porgy,NA,12928325.072976569
redband parrotfish,NA,6902.151988382395
redbreast sunfish,NA,2070.268376324083
redear sardine,NA,0
redear sunfish,NA,111567.46335409787
redeye mullet,NA,22180.167813105767
redfin needlefish,NA,58782.34172918028
redfin parrotfish,NA,17809.198379088146
redtail parrotfish,NA,127819.6511717013
redtail scad,NA,88145.09829960701
reef butterflyfish,NA,0
reef croaker,NA,4471.0787128
reef scorpionfish,NA,0
reef shark,NA,48376.71633141629
reef squirrelfish,NA,0
remora,NA,584554.0030878792
remora family,NA,180724.31917390478
remora genus,NA,0
requiem shark family,NA,7569733.719260086
requiem shark genus,NA,1658262.1726499773
ribbonfish family,NA,167863.12574985228
righteye flounder family,NA,5440.613671002711
righteye flounder genus,NA,0
rock bass,NA,0
rock beauty,NA,8094.319417425565
rock sea bass,NA,794766.7958577242
rosy razorfish,NA,0
rough scad,NA,3467691.795993468
rough silverside,NA,10861.320669538518
rough triggerfish,NA,42529.74870893022
roughtail stingray,NA,369036.9514286986
round herring,NA,484437.73150950525
round scad,NA,15293698.646082364
roundel skate,NA,21795.610591606583
rudderfishes,NA,0
sailfin molly,NA,0
sailfish,NA,3174148.571922491
sailors choice,NA,590081.2909287633
saltmarsh topminnow,NA,0
sand diver,NA,30485.29472141613
sand drum,NA,2985.4246772071533
sand lance genus,NA,0
sand perch genus,NA,61027.104045455555
sand seatrout,NA,109703319.43419379
sand stargazer family,NA,0
sand tiger,NA,1065059.3104742311
sand tiger family,NA,0
sand tilefish,NA,101141.84145495053
sandbar shark,NA,2614269.0475143213
sargassum triggerfish,NA,66592.73753400573
sargassumfish,NA,0
saucereye porgy,NA,384782.55100406567
sawfish family,NA,0
sawfish genus,NA,0
scaled sardine,NA,70478845.95251362
scalloped hammerhead,NA,960098.8352967697
school bass,NA,0
school bluefin,NA,0
scorpionfish family,NA,2163.5130757818984
scrawled cowfish,NA,21560.17319717972
scrawled filefish,NA,23049.29413547104
sculpin family,NA,0
scup,NA,11709.440373439253
sea bass family,NA,1665295.7280473295
sea bass genus,NA,174164.5753971374
sea bream,NA,113349.26150947607
sea catfish family,NA,4355634.241126505
sea chub family,NA,0
sea chub genus,NA,0
sea lamprey,NA,0
seagrass eel,NA,0
seahorse genus,NA,0
searobin family,NA,20077.970049223946
searobin genus,NA,58214.91496067835
seatrout genus,NA,3770994.5060469876
sergeant major,NA,1059.873888955235
"shark, small coastal species",NA,0
"shark, unidentified",NA,80212.9962595451
sharksucker,NA,179343.35733524922
sharksucker genus,NA,0
sharptail eel,NA,0
sheepshead,NA,230899576.39143363
sheepshead minnow,NA,45116.972636477585
sheepshead porgy,NA,87976.12808451032
shoal flounder,NA,868.5609131910511
short bigeye,NA,36070.33547113172
shortfin mako,NA,2442871.7683611778
shortfin searobin,NA,0
shortnose gar,NA,0
shortnose sturgeon,NA,10631.290569177901
shorttail snake eel,NA,2337.599435891546
shrimp eel,NA,26007.319625704804
silky shark,NA,1052280.669068307
silver anchovy,NA,13.88898
silver jenny,NA,72749.95432064422
silver perch,NA,3369579.009547536
silver porgy,NA,33166.77097609297
silver seatrout,NA,8779634.493147543
silver-rag,NA,2758.988545469636
silverside family,NA,678030.8695910418
silverside genus,NA,0
silverstripe halfbeak,NA,18149.591515128686
six gill shark,NA,18.033628
skate genus,NA,106968.48659315269
"skate, unidentified",NA,118.0607392
skilletfish,NA,0
skipjack herring,NA,286882.4203143567
skipjack tuna,NA,3113110.4823575495
sleeper cusk-eel,NA,94.75121251403351
sleeper family,NA,0
slender filefish,NA,0
slender mojarra,NA,946.5708225411231
slippery dick,NA,9418.106220238125
small medium bluefin,NA,21889.914320000003
smalleye hammerhead,NA,0
smallmouth bass,NA,4309.990794600592
smallmouth buffalo,NA,0
smallmouth flounder,NA,0
smallmouth grunt,NA,25638.936636063183
smalltail shark,NA,10511.001419873195
smalltooth sawfish,NA,0
smooth butterfly ray,NA,129243.63692190389
smooth dogfish,NA,404248.66813693
smooth flounder,NA,118.04407246907101
smooth hammerhead,NA,787116.5145881464
smooth puffer,NA,193391.2460005093
smooth trunkfish,NA,2519.718313039496
smoothhound genus,NA,0
snailfish family,NA,0
snake eel family,NA,50869.51099682677
snake mackerel,NA,0.82829971425422
snakefish,NA,4804.981136891669
snapper eel,NA,0
snapper family,NA,3692563.1491127783
snapper genus,NA,1078468.6160649997
snook genus,NA,117900.46872041291
"snook, unidentified",NA,16.027442
soapfish genus,NA,3917.4069675041496
sole family,NA,0
southern eagle ray,NA,39347.1258465649
southern flounder,NA,57607150.946843475
southern hake,NA,20970.83309627306
southern kingfish,NA,32259390.275308907
southern puffer,NA,298548.9433620597
southern sennet,NA,1775.789004704834
southern stargazer,NA,8671.745794732915
southern stingray,NA,3491287.451604441
spanish flag,NA,119.83728265654035
spanish grunt,NA,228350.13846882852
spanish hogfish,NA,74126.4866392206
spanish sardine,NA,3762269.2766195354
spearfish remora,NA,0
speckled worm eel,NA,0
spinner shark,NA,3363895.363162395
spiny butterfly ray,NA,0
spiny dogfish,NA,111.44792902040817
spiny searobin,NA,0
spinycheek scorpionfish,NA,8830.958095047416
spinytail skate,NA,0
sponge goby,NA,0
spot,NA,1966462.4370638963
spotfin butterflyfish,NA,0
spotfin flounder,NA,0
spotfin hogfish,NA,44792.66110430006
spotfin jawfish,NA,0
spotfin killifish,NA,0
spotfin mojarra,NA,56331.06824080572
spottail pinfish,NA,2085072.48918136
spotted bass,NA,6512.410688758595
spotted burrfish,NA,0
spotted driftfish,NA,0.529104
spotted drum,NA,33176.528313172676
spotted eagle ray,NA,462.966
spotted gar,NA,228685.17435167855
spotted goatfish,NA,629.2294626212561
spotted moray,NA,40133.90975070998
spotted scorpionfish,NA,120.08602796951135
spotted seatrout,NA,586894394.2069649
spotted soapfish,NA,44.55622577149156
spotted spoon-nose eel,NA,0
spotted sunfish,NA,4026.7971741542397
spotted trunkfish,NA,0
spotted whiff,NA,254.80309434940003
squirrelfish,NA,323183.54505219177
squirrelfish family,NA,17173.54949878697
squirrelfish genus,NA,0
star drum,NA,2827.245200635864
"star, lined sea",NA,0
stargazer family,NA,0
stingray family,NA,1800908.844369098
stingray genus,NA,939601.6585983058
stoplight parrotfish,NA,72717.30219837154
stout beardfish,NA,73.69347914285709
striped anchovy,NA,359645.89032347454
striped bass,NA,812957.7159985197
striped blenny,NA,0
striped burrfish,NA,47862.183671235944
striped croaker,NA,37457.40371595118
striped grunt,NA,80311.91439546763
striped killifish,NA,202616.20653060387
striped mojarra,NA,2804429.030731907
striped mullet,NA,135121674.186108
striped parrotfish,NA,17350.526088314815
sturgeon genus,NA,0
summer flounder,NA,44863.29382159061
sunfish family,NA,35682.99032506393
sunfish genus,NA,44904.26819471484
sunshinefish,NA,0
surgeonfish genus,NA,1687.415995784265
swordfish,NA,2793728.6515359976
swordspine snook,NA,0
taractes rubescens,NA,0
tarpon family,NA,0
tarpon snook,NA,4455.823358244636
tattler,NA,118.37354432521904
temperate bass genus,NA,27706.55492189343
thread eel,NA,0
threadfin genus,NA,0
threadfin shad,NA,160838.7712722823
three-eye flounder,NA,30328.617164579508
threespot damselfish,NA,0
thresher shark,NA,2211690.4349373993
tiger grouper,NA,155.41911855509417
tiger shark,NA,1398506.0139126086
tilapia genus,NA,220050.61937912134
tilefish family,NA,143035.3150104083
toadfish family,NA,12488.567842805784
toadfish genus,NA,14064.873984457192
tobaccofish,NA,3512.416162230912
tomtate,NA,4692598.126779858
tonguefish genus,NA,421103.44878547726
tricorn batfish,NA,0
tripletail,NA,7319740.3740541255
trout family,NA,69152.76463126899
trumpetfish,NA,25.6262704
trunkfish,NA,2051.154729666322
tuna genus,NA,769088.6138635803
turkeyfish,NA,1322853.1227883545
unicorn filefish,NA,155275.80697460176
unicornfish,NA,2500.7013877934937
unidentified bottom fish,NA,1700251.5231497171
unidentified catfishes,NA,221674.61380921284
unidentified eel,NA,126771.90605209106
unidentified fish,NA,15220108.896160325
unidentified flounder or sole,NA,183046.3773376175
unidentified grouper,NA,1680807.069318593
unidentified sharks,NA,1692157.8429899635
unidentified skate or ray,NA,8052.347217771854
unidentified surface fish,NA,111759.2785633891
wahoo,NA,19856865.561144657
warmouth,NA,31885.830007093864
weakfish,NA,12949.849264623197
web burrfish,NA,0
western mosquitofish,NA,0
whiff genus,NA,0
whip eel,NA,0
white bass,NA,291887.66769935883
white catfish,NA,25229.36457526534
white crappie,NA,53589.88662651301
white grunt,NA,86322408.8812415
white hake,NA,1900.071253333334
white marlin,NA,527645.3159595429
white mullet,NA,12792087.804514829
white perch,NA,14.07191312661144
whitebone porgy,NA,1249281.5362746688
whitefin sharksucker,NA,52539.40311087802
whitespotted filefish,NA,752.5367170498646
whitespotted soapfish,NA,2259.2676912648712
windowpane,NA,2645.420089156229
wrasse bass,NA,0
wrasse family,NA,32370.237685569868
wreckfish,NA,0
yellow bass,NA,41385.65954488006
yellow bullhead,NA,21947.503919377534
yellow chub,NA,464652.2191625749
yellow conger,NA,0
yellow goatfish,NA,0.7177197777777787
yellow jack,NA,10968571.495305197
yellow perch,NA,611204.1409085265
yellow stingray,NA,29794.754946407233
yellowfin menhaden,NA,347391.0006633271
yellowfin mojarra,NA,130047.20273109415
yellowfin tuna,NA,26983584.530456014
yellowhead wrasse,NA,0
yellowtail bass,NA,5654.98318226795
yellowtail flounder,NA,2410.4622600936978
yellowtail reeffish,NA,0
young school bluefin,NA,0
NA,NA,6110.153685605475
