LAND_YEAR,COMMON_NAME,guild,total_live_lbs,total_dollars,n_dealers,is_confidential
1977,"GROUPER, GOLIATH",Snappers & Groupers,222150,42301,41,FALSE
1977,"GROUPER, WARSAW",Snappers & Groupers,183588,62666.99999999999,42,FALSE
1977,"JACK, CREVALLE",Jacks,1432973.9999999998,116642,57,FALSE
1977,"SNAPPER, LANE",Snappers & Groupers,14966.999999999998,5859,24,FALSE
1977,"TILEFISH, GOLDEN",Other Reef Fish,97145,34805,35,FALSE
1978,"GROUPER, GOLIATH",Snappers & Groupers,196832,32564.999999999996,44,FALSE
1978,"GROUPER, WARSAW",Snappers & Groupers,131165.99999999997,51508.99999999999,44,FALSE
1978,"JACK, CREVALLE",Jacks,1807307.9999999998,161572.99999999994,60,FALSE
1978,"SNAPPER, LANE",Snappers & Groupers,16878,7493.999999999998,32,FALSE
1978,"TILEFISH, GOLDEN",Other Reef Fish,81886,30970,42,FALSE
1979,"GROUPER, GOLIATH",Snappers & Groupers,162761.00000000003,32799.99999999999,41,FALSE
1979,"GROUPER, WARSAW",Snappers & Groupers,134259.00000000003,67034,37,FALSE
1979,"JACK, CREVALLE",Jacks,1364907.9999999998,139576,54,FALSE
1979,"SNAPPER, LANE",Snappers & Groupers,34590,26830.999999999996,32,FALSE
1979,"TILEFISH, GOLDEN",Other Reef Fish,76671,38238,27,FALSE
1980,"GROUPER, GOLIATH",Snappers & Groupers,204762.00000000006,53728.99999999999,53,FALSE
1980,"GROUPER, WARSAW",Snappers & Groupers,120039.99999999999,64988,44,FALSE
1980,"JACK, CREVALLE",Jacks,2630777,362829.00000000006,67,FALSE
1980,"SNAPPER, LANE",Snappers & Groupers,25640.000000000004,18836,30,FALSE
1980,"TILEFISH, GOLDEN",Other Reef Fish,66400,41417,40,FALSE
1981,"GROUPER, GOLIATH",Snappers & Groupers,181300.99999999994,70119.17343254667,45,FALSE
1981,"GROUPER, WARSAW",Snappers & Groupers,292837,176173.25844395897,53,FALSE
1981,"JACK, CREVALLE",Jacks,1946951.9999999998,273117,63,FALSE
1981,"SNAPPER, LANE",Snappers & Groupers,31371,35281.10919643822,33,FALSE
1981,"TILEFISH, GOLDEN",Other Reef Fish,451321,267789,52,FALSE
1982,"GROUPER, GOLIATH",Snappers & Groupers,169070.99999999997,71184.2699050989,49,FALSE
1982,"GROUPER, WARSAW",Snappers & Groupers,230796,150430.48090940644,46,FALSE
1982,"JACK, CREVALLE",Jacks,1999479.9999999998,342613.99999999994,60,FALSE
1982,"SNAPPER, LANE",Snappers & Groupers,29383,23315.362880834105,39,FALSE
1982,"TILEFISH, GOLDEN",Other Reef Fish,399229,268296,62,FALSE
1983,"GROUPER, GOLIATH",Snappers & Groupers,184979.99999999997,82932.4,54,FALSE
1983,"GROUPER, WARSAW",Snappers & Groupers,107462,76979.07463197535,57,FALSE
1983,"JACK, CREVALLE",Jacks,1559072.9999999998,261674.99999999997,71,FALSE
1983,"SNAPPER, LANE",Snappers & Groupers,22312,18924.988633976704,46,FALSE
1983,"TILEFISH, GOLDEN",Other Reef Fish,288613.99999999994,225568.99999999997,66,FALSE
1984,"GROUPER, GOLIATH",Snappers & Groupers,92577,53174.091581342436,51,FALSE
1984,"GROUPER, WARSAW",Snappers & Groupers,108870.99999999999,92153.85916760404,48,FALSE
1984,"JACK, CREVALLE",Jacks,1369529.9999999998,195142.5126238547,66,FALSE
1984,"SNAPPER, LANE",Snappers & Groupers,36996,32320.94063324538,50,FALSE
1984,"SNAPPER, SILK",Snappers & Groupers,3788,2633,5,FALSE
1984,"TILEFISH, GOLDEN",Other Reef Fish,320633,269192.0541915211,70,FALSE
1985,"GROUPER, GOLIATH",Snappers & Groupers,114715,71094,46,FALSE
1985,"GROUPER, WARSAW",Snappers & Groupers,127325.99999999999,108487.34739860712,53,FALSE
1985,"JACK, CREVALLE",Jacks,1152145.0000000002,188839.7823606845,71,FALSE
1985,"SNAPPER, BLACK",Snappers & Groupers,680,1153,4,FALSE
1985,"SNAPPER, BLACKFIN",Snappers & Groupers,2676,3271,5,FALSE
1985,"SNAPPER, LANE",Snappers & Groupers,47991.99999999999,44429.91108417805,62,FALSE
1985,"TILEFISH, GOLDEN",Other Reef Fish,303868,265877.76006348926,76,FALSE
1986,"GROUPER, BLACK",Snappers & Groupers,1275679.5449875274,442509.9380925436,178,FALSE
1986,"GROUPER, GOLIATH",Snappers & Groupers,103780.58642092434,7106.181151536251,61,FALSE
1986,"GROUPER, MARBLED",Snappers & Groupers,2801,3325,4,FALSE
1986,"GROUPER, NASSAU",Snappers & Groupers,5450.584445554446,6.237662337662339,23,FALSE
1986,"GROUPER, SNOWY",Snappers & Groupers,112575.0200167269,36391.61956749007,48,FALSE
1986,"GROUPER, WARSAW",Snappers & Groupers,222358.8,101453.2,61,FALSE
1986,"GROUPER, YELLOWFIN",Snappers & Groupers,480169.6680162885,96245.2285534225,44,FALSE
1986,"HIND, SPECKLED",Snappers & Groupers,1251,1420,3,FALSE
1986,"JACK, CREVALLE",Jacks,1087793.2944412748,6783.618585459287,78,FALSE
1986,"SNAPPER, BLACK",Snappers & Groupers,5210,7096,7,FALSE
1986,"SNAPPER, BLACKFIN",Snappers & Groupers,5840,6139,6,FALSE
1986,"SNAPPER, LANE",Snappers & Groupers,59215.548778421755,14935.388534700549,99,FALSE
1986,"SNAPPER, QUEEN",Snappers & Groupers,17561,25377,5,FALSE
1986,"SNAPPER, SILK",Snappers & Groupers,19008.198602648485,3444.0372490706304,46,FALSE
1986,"TILEFISH, BLUELINE",Other Reef Fish,109632.32,15766.8,66,FALSE
1986,"TILEFISH, GOLDEN",Other Reef Fish,291687.8414558515,96318.06969470218,57,FALSE
1986,"TUNA, SKIPJACK",Jacks,1183.7021309931322,0.5,12,FALSE
1987,"GROUPER, BLACK",Snappers & Groupers,1236520.1455624653,254539.36105089472,196,FALSE
1987,"GROUPER, GOLIATH",Snappers & Groupers,95455.54656404785,6965.122198430235,69,FALSE
1987,"GROUPER, MARBLED",Snappers & Groupers,830,1020,3,FALSE
1987,"GROUPER, NASSAU",Snappers & Groupers,13929.9,37.1,24,FALSE
1987,"GROUPER, SNOWY",Snappers & Groupers,120055.1623076923,62827.710448355785,47,FALSE
1987,"GROUPER, WARSAW",Snappers & Groupers,221834.64747580045,169984.42128071483,72,FALSE
1987,"GROUPER, YELLOWFIN",Snappers & Groupers,32247.143725490194,5747.061437908496,36,FALSE
1987,"HIND, RED",Snappers & Groupers,184,228,3,FALSE
1987,"HIND, ROCK",Snappers & Groupers,404,517,3,FALSE
1987,"HIND, SPECKLED",Snappers & Groupers,1346,1654,4,FALSE
1987,"JACK, CREVALLE",Jacks,1579195,2572.74,90,FALSE
1987,"SNAPPER, BLACK",Snappers & Groupers,3495,4340,10,FALSE
1987,"SNAPPER, LANE",Snappers & Groupers,52470.77533669914,12537.294689374006,103,FALSE
1987,"SNAPPER, QUEEN",Snappers & Groupers,39190,51113,6,FALSE
1987,"SNAPPER, SILK",Snappers & Groupers,37129.60842105263,4034.6768373636796,52,FALSE
1987,"TILEFISH, BLUELINE",Other Reef Fish,194542.88,36652.090000000004,74,FALSE
1987,"TILEFISH, GOLDEN",Other Reef Fish,463955.15298816323,317439.9179546614,74,FALSE
1987,"TUNA, SKIPJACK",Jacks,2481.25,0,9,FALSE
1988,"GROUPER, BLACK",Snappers & Groupers,863988.5988149702,1524681.0154287338,203,FALSE
1988,"GROUPER, GOLIATH",Snappers & Groupers,132296.12678202966,98468.41733363474,73,FALSE
1988,"GROUPER, MARBLED",Snappers & Groupers,2067,2168,4,FALSE
1988,"GROUPER, NASSAU",Snappers & Groupers,3663.9333793103438,1320.6771034482758,18,FALSE
1988,"GROUPER, SNOWY",Snappers & Groupers,177449.12175591206,275696.5480117061,53,FALSE
1988,"GROUPER, WARSAW",Snappers & Groupers,274045.21219760954,295788.35297211155,81,FALSE
1988,"GROUPER, YELLOWFIN",Snappers & Groupers,36027.450462487155,55355.51989722508,22,FALSE
1988,"HIND, SPECKLED",Snappers & Groupers,3457,4874,5,FALSE
1988,"JACK, CREVALLE",Jacks,1461682.9568406753,322026.49309140304,103,FALSE
1988,"SNAPPER, BLACK",Snappers & Groupers,7962,12006,9,FALSE
1988,"SNAPPER, LANE",Snappers & Groupers,58120.509748070195,53449.26780406313,114,FALSE
1988,"SNAPPER, QUEEN",Snappers & Groupers,19641,26559,8,FALSE
1988,"SNAPPER, SILK",Snappers & Groupers,94727.64840121317,148534.684237435,57,FALSE
1988,"TILEFISH, BLUELINE",Other Reef Fish,203356.68,162103.35,78,FALSE
1988,"TILEFISH, GOLDEN",Other Reef Fish,866311.664,980026.2815,89,FALSE
1988,"TUNA, SKIPJACK",Jacks,1055.4772727272727,436.59090909090907,11,FALSE
1989,"GROUPER, BLACK",Snappers & Groupers,1300198.808550062,2111538.803145654,239,FALSE
1989,"GROUPER, GOLIATH",Snappers & Groupers,87750.38,75657.21999999999,47,FALSE
1989,"GROUPER, MARBLED",Snappers & Groupers,4480,7809,5,FALSE
1989,"GROUPER, NASSAU",Snappers & Groupers,4171.969122807018,6238.847777777778,18,FALSE
1989,"GROUPER, SNOWY",Snappers & Groupers,80425.35847952557,109319.78758646316,63,FALSE
1989,"GROUPER, WARSAW",Snappers & Groupers,223675.063,227415.546,103,FALSE
1989,"GROUPER, YELLOWFIN",Snappers & Groupers,142309.8737767221,228441.73287410926,26,FALSE
1989,"HIND, SPECKLED",Snappers & Groupers,1004,1059,9,FALSE
1989,"JACK, CREVALLE",Jacks,2003398.8536189196,350036.6378608091,112,FALSE
1989,"SNAPPER, BLACK",Snappers & Groupers,13721,23993,14,FALSE
1989,"SNAPPER, LANE",Snappers & Groupers,94819.83508511104,73809.45458957434,121,FALSE
1989,"SNAPPER, QUEEN",Snappers & Groupers,9809,18099,9,FALSE
1989,"SNAPPER, SILK",Snappers & Groupers,46181.2958988764,78631.46747191012,49,FALSE
1989,"TILEFISH, BLUELINE",Other Reef Fish,86158.88,77183.52,71,FALSE
1989,"TILEFISH, GOLDEN",Other Reef Fish,442660.1902738787,532499.7732816059,88,FALSE
1989,"TUNA, SKIPJACK",Jacks,11691.25,3210.1,12,FALSE
1990,"GROUPER, BLACK",Snappers & Groupers,1314041.72179219,2276458.91403286,211,FALSE
1990,"GROUPER, CONEY",Snappers & Groupers,241,219,10,FALSE
1990,"GROUPER, GOLIATH",Snappers & Groupers,9066.98,7500.98,25,FALSE
1990,"GROUPER, MARBLED",Snappers & Groupers,3088,4273,4,FALSE
1990,"GROUPER, MISTY",Snappers & Groupers,1798,2764,4,FALSE
1990,"GROUPER, NASSAU",Snappers & Groupers,7903.133876363636,11611.729912727273,17,FALSE
1990,"GROUPER, SNOWY",Snappers & Groupers,132597.11888188563,152005.48637675753,71,FALSE
1990,"GROUPER, WARSAW",Snappers & Groupers,164881.0848532055,163256.04008987418,95,FALSE
1990,"GROUPER, YELLOWFIN",Snappers & Groupers,40145.22262806236,65038.58017817372,39,FALSE
1990,"GRUNT, FRENCH",Porgies & Grunts,49,0,4,FALSE
1990,"HIND, RED",Snappers & Groupers,4636.1,362,7,FALSE
1990,"HIND, ROCK",Snappers & Groupers,2473.8,3161.9,12,FALSE
1990,"HIND, SPECKLED",Snappers & Groupers,8915.172581453635,12141.790050125315,17,FALSE
1990,"HOGFISH, SPANISH",Other Reef Fish,1311,1180.42,23,FALSE
1990,"JACK, CREVALLE",Jacks,2397514.2420807583,571133.4895161848,114,FALSE
1990,JACKKNIFE-FISH,Jacks,841,25,18,FALSE
1990,"PARROTFISH, BLUE",Other Reef Fish,86,131.5,7,FALSE
1990,"PARROTFISH, STRIPED",Other Reef Fish,949,563.97,14,FALSE
1990,"SNAPPER, BLACK",Snappers & Groupers,4106.850000000001,2581,9,FALSE
1990,"SNAPPER, BLACKFIN",Snappers & Groupers,11541.34,13116,16,FALSE
1990,"SNAPPER, CUBERA",Snappers & Groupers,501.72,408.15,4,FALSE
1990,"SNAPPER, DOG",Snappers & Groupers,3590.8500000000004,4536.7,3,FALSE
1990,"SNAPPER, GLASSEYE",Snappers & Groupers,12,0,4,FALSE
1990,"SNAPPER, LANE",Snappers & Groupers,79354.64306853851,78500.00427339519,115,FALSE
1990,"SNAPPER, QUEEN",Snappers & Groupers,42613.12,54723.8,13,FALSE
1990,"SNAPPER, SILK",Snappers & Groupers,134471.76057582858,205618.41639325963,56,FALSE
1990,"TILEFISH, BLUELINE",Other Reef Fish,136328.28,120424.6,72,FALSE
1990,"TILEFISH, GOLDEN",Other Reef Fish,296069.52809411316,328745.5319965469,98,FALSE
1990,"TRIGGERFISH, QUEEN",Other Reef Fish,25,43,8,FALSE
1990,"TUNA, SKIPJACK",Jacks,4845.351094894435,1080.772736999473,19,FALSE
1990,"WRASSE, CREOLE",Other Reef Fish,1026,737.19,10,FALSE
1990,"WRASSE, YELLOWHEAD",Other Reef Fish,435,24,12,FALSE
1991,"AMBERJACK, LESSER",Jacks,21461.44,13035.69,21,FALSE
1991,GRAYSBY,Snappers & Groupers,14.44,20.64,3,FALSE
1991,"GROUPER, BLACK",Snappers & Groupers,940643.0622206136,1559498.9545247164,205,FALSE
1991,"GROUPER, CONEY",Snappers & Groupers,149.38,384.57,10,FALSE
1991,"GROUPER, GOLIATH",Snappers & Groupers,798,359,3,FALSE
1991,"GROUPER, MARBLED",Snappers & Groupers,8940,11123,8,FALSE
1991,"GROUPER, NASSAU",Snappers & Groupers,2147.6,2328.6,8,FALSE
1991,"GROUPER, SNOWY",Snappers & Groupers,138626.75094103563,167684.48138896396,65,FALSE
1991,"GROUPER, WARSAW",Snappers & Groupers,151762.95837593984,169269.07384962405,92,FALSE
1991,"GROUPER, YELLOWFIN",Snappers & Groupers,7912.872129505761,7509.524626198338,35,FALSE
1991,"GRUNT, FRENCH",Porgies & Grunts,35,0,3,FALSE
1991,"HIND, RED",Snappers & Groupers,58273.84,86180.75,22,FALSE
1991,"HIND, ROCK",Snappers & Groupers,1889.6,2695.46,12,FALSE
1991,"HIND, SPECKLED",Snappers & Groupers,44900.98,56717.32,21,FALSE
1991,"HOGFISH, SPANISH",Other Reef Fish,1384,1597.8600000000001,17,FALSE
1991,"JACK, ALMACO",Jacks,17724.28,14798.4,8,FALSE
1991,"JACK, CREVALLE",Jacks,1932150.1374921123,454942.4321057899,135,FALSE
1991,JACKKNIFE-FISH,Jacks,524,119,22,FALSE
1991,"PARROTFISH, BLUE",Other Reef Fish,62,100.5,10,FALSE
1991,"PARROTFISH, PRINCESS",Other Reef Fish,11,22,3,FALSE
1991,"PARROTFISH, QUEEN",Other Reef Fish,11,0,4,FALSE
1991,"PARROTFISH, REDBAND",Other Reef Fish,43,16,3,FALSE
1991,"PARROTFISH, STRIPED",Other Reef Fish,712,813.5,16,FALSE
1991,"SNAPPER, BLACK",Snappers & Groupers,2247.642583479789,1126.840919742237,7,FALSE
1991,"SNAPPER, BLACKFIN",Snappers & Groupers,3525.0900000000006,5416.3,16,FALSE
1991,"SNAPPER, CUBERA",Snappers & Groupers,1186.4044391137766,831.851216947082,16,FALSE
1991,"SNAPPER, DOG",Snappers & Groupers,136.52999999999997,236.99999999999997,4,FALSE
1991,"SNAPPER, LANE",Snappers & Groupers,111516.12258063871,121437.7365218434,125,FALSE
1991,"SNAPPER, QUEEN",Snappers & Groupers,36805.56,64442.45,21,FALSE
1991,"SNAPPER, SILK",Snappers & Groupers,127566.36768084754,226897.6810279755,56,FALSE
1991,"TILEFISH, BLUELINE",Other Reef Fish,144421.56,114925.29000000001,73,FALSE
1991,"TILEFISH, GOLDEN",Other Reef Fish,192008.38048396172,208813.92955623442,78,FALSE
1991,"TILEFISH, GOLDFACE",Other Reef Fish,43103,55714.75,5,FALSE
1991,"TILEFISH, SAND",Other Reef Fish,30.48,24.08,4,FALSE
1991,"TRIGGERFISH, QUEEN",Other Reef Fish,15,63.5,7,FALSE
1991,"TUNA, SKIPJACK",Jacks,950.75,703.4,10,FALSE
1991,"WRASSE, CREOLE",Other Reef Fish,1476,1307.5,10,FALSE
1991,"WRASSE, YELLOWHEAD",Other Reef Fish,210,137,12,FALSE
1992,"AMBERJACK, LESSER",Jacks,16715.92,14187.44,25,FALSE
1992,GRAYSBY,Snappers & Groupers,223.44,423.82,4,FALSE
1992,"GROUPER, BLACK",Snappers & Groupers,626187.387037712,1093520.0559838524,143,FALSE
1992,"GROUPER, CONEY",Snappers & Groupers,76,17,10,FALSE
1992,"GROUPER, MARBLED",Snappers & Groupers,40223,50612,6,FALSE
1992,"GROUPER, MISTY",Snappers & Groupers,681.8199999999998,57,3,FALSE
1992,"GROUPER, NASSAU",Snappers & Groupers,7843.24786516854,18079.588127340823,22,FALSE
1992,"GROUPER, SNOWY",Snappers & Groupers,199084.31662248715,313648.17381634854,55,FALSE
1992,"GROUPER, WARSAW",Snappers & Groupers,131899.08517329814,154648.8869531765,87,FALSE
1992,"GROUPER, YELLOWFIN",Snappers & Groupers,3850.8632835820895,6975.886503198294,24,FALSE
1992,"GRUNT, FRENCH",Porgies & Grunts,22,0,4,FALSE
1992,"HIND, RED",Snappers & Groupers,19484.72,17117.6,26,FALSE
1992,"HIND, ROCK",Snappers & Groupers,26135.910666666667,31356.978,12,FALSE
1992,"HIND, SPECKLED",Snappers & Groupers,50366.28323751891,72568.42461422087,22,FALSE
1992,"HOGFISH, SPANISH",Other Reef Fish,1029,310,19,FALSE
1992,"JACK, ALMACO",Jacks,29729.55,25135.25,14,FALSE
1992,"JACK, CREVALLE",Jacks,1919012.7103956293,478970.3522576957,140,FALSE
1992,"JACK, HORSE-EYE",Jacks,3548,1367,3,FALSE
1992,JACKKNIFE-FISH,Jacks,509,240.5,16,FALSE
1992,"PARROTFISH, BLUE",Other Reef Fish,34,6,6,FALSE
1992,"PARROTFISH, PRINCESS",Other Reef Fish,31,7,9,FALSE
1992,"PARROTFISH, REDBAND",Other Reef Fish,46,8,5,FALSE
1992,"PARROTFISH, STOPLIGHT",Other Reef Fish,20,1,6,FALSE
1992,"PARROTFISH, STRIPED",Other Reef Fish,832,0,14,FALSE
1992,"PORGY, RED",Porgies & Grunts,1968,1882,4,FALSE
1992,"SNAPPER, BLACK",Snappers & Groupers,4872.9000000000005,2884.17,3,FALSE
1992,"SNAPPER, BLACKFIN",Snappers & Groupers,4899.7,7907.27,9,FALSE
1992,"SNAPPER, CUBERA",Snappers & Groupers,1604.3912027491408,2193.7614662084766,11,FALSE
1992,"SNAPPER, DOG",Snappers & Groupers,229.57178571428568,235.4410714285714,8,FALSE
1992,"SNAPPER, GLASSEYE",Snappers & Groupers,15,20,3,FALSE
1992,"SNAPPER, LANE",Snappers & Groupers,97862.07988128821,118679.89336365071,127,FALSE
1992,"SNAPPER, MAHOGANY",Snappers & Groupers,1471.1100000000001,456,4,FALSE
1992,"SNAPPER, QUEEN",Snappers & Groupers,29781.75,51079.799999999996,18,FALSE
1992,"SNAPPER, SILK",Snappers & Groupers,317633.5957078408,598810.237657674,55,FALSE
1992,"TILEFISH, BLUELINE",Other Reef Fish,137822.24,105941.075,67,FALSE
1992,"TILEFISH, GOLDEN",Other Reef Fish,220634.32,250693.725,70,FALSE
1992,"TILEFISH, GOLDFACE",Other Reef Fish,48014.29806451613,53710,5,FALSE
1992,"TILEFISH, SAND",Other Reef Fish,177.28,120.7,5,FALSE
1992,"TRIGGERFISH, QUEEN",Other Reef Fish,6,14,4,FALSE
1992,"TUNA, SKIPJACK",Jacks,9516.25,9860.15,13,FALSE
1992,"WRASSE, CREOLE",Other Reef Fish,1356,117,11,FALSE
1992,"WRASSE, YELLOWHEAD",Other Reef Fish,313,66.5,12,FALSE
1993,"AMBERJACK, LESSER",Jacks,27958.68,21211.860000000004,25,FALSE
1993,GRAYSBY,Snappers & Groupers,153.14000000000001,270.92,3,FALSE
1993,"GROUPER, BLACK",Snappers & Groupers,492805.38197679364,885034.0600410951,145,FALSE
1993,"GROUPER, CONEY",Snappers & Groupers,898.76,4545.72,7,FALSE
1993,"GROUPER, MARBLED",Snappers & Groupers,43667,59308,12,FALSE
1993,"GROUPER, NASSAU",Snappers & Groupers,942.8200000000002,2018.4700000000003,10,FALSE
1993,"GROUPER, SNOWY",Snappers & Groupers,131460.988,211164.34,62,FALSE
1993,"GROUPER, WARSAW",Snappers & Groupers,137470.08712878256,180001.11681210416,93,FALSE
1993,"GROUPER, YELLOWFIN",Snappers & Groupers,3137.603339882122,5606.332888015717,28,FALSE
1993,"HIND, RED",Snappers & Groupers,12608.0738790932,14551.11047439127,33,FALSE
1993,"HIND, ROCK",Snappers & Groupers,2110.76,2912.86,12,FALSE
1993,"HIND, SPECKLED",Snappers & Groupers,24941.855,38124.345,30,FALSE
1993,"HOGFISH, SPANISH",Other Reef Fish,459,0,12,FALSE
1993,"JACK, ALMACO",Jacks,24154.8,20726.73,19,FALSE
1993,"JACK, CREVALLE",Jacks,1717550.9218708854,540636.5646666802,136,FALSE
1993,"JACK, HORSE-EYE",Jacks,4510,1792.2,5,FALSE
1993,JACKKNIFE-FISH,Jacks,429,456,15,FALSE
1993,"PARROTFISH, BLUE",Other Reef Fish,16,0,3,FALSE
1993,"PARROTFISH, STOPLIGHT",Other Reef Fish,27,0,6,FALSE
1993,"PARROTFISH, STRIPED",Other Reef Fish,350,16,9,FALSE
1993,"PORGY, RED",Porgies & Grunts,5181,4891,4,FALSE
1993,"SNAPPER, BLACK",Snappers & Groupers,2237.7599999999998,2562.52,3,FALSE
1993,"SNAPPER, BLACKFIN",Snappers & Groupers,1398.4299999999998,2584.2500000000005,8,FALSE
1993,"SNAPPER, CUBERA",Snappers & Groupers,844.41,1223,9,FALSE
1993,"SNAPPER, DOG",Snappers & Groupers,161.88860294117646,180.3220588235294,8,FALSE
1993,"SNAPPER, GLASSEYE",Snappers & Groupers,5,0,3,FALSE
1993,"SNAPPER, LANE",Snappers & Groupers,107812.63002023962,125392.64763924871,140,FALSE
1993,"SNAPPER, QUEEN",Snappers & Groupers,65285.76,122443.74,17,FALSE
1993,"SNAPPER, SILK",Snappers & Groupers,144203.14819178722,266109.091729218,66,FALSE
1993,"TILEFISH, BLUELINE",Other Reef Fish,92561.69532002753,77608.03712749484,67,FALSE
1993,"TILEFISH, GOLDEN",Other Reef Fish,288261.72,303263.98,73,FALSE
1993,"TRIGGERFISH, QUEEN",Other Reef Fish,129,113,5,FALSE
1993,"TUNA, SKIPJACK",Jacks,496.25,680.8000000000001,6,FALSE
1993,"WRASSE, CREOLE",Other Reef Fish,99,0,6,FALSE
1993,"WRASSE, YELLOWHEAD",Other Reef Fish,338,3,8,FALSE
1994,"AMBERJACK, LESSER",Jacks,32469.850386349,25386.89428203477,44,FALSE
1994,GRAYSBY,Snappers & Groupers,150.86,341.71,3,FALSE
1994,"GROUPER, BLACK",Snappers & Groupers,408088.94158779905,776951.5359948633,139,FALSE
1994,"GROUPER, CONEY",Snappers & Groupers,91,17,5,FALSE
1994,"GROUPER, MARBLED",Snappers & Groupers,24839,42904,11,FALSE
1994,"GROUPER, NASSAU",Snappers & Groupers,5696.08,9560.15,13,FALSE
1994,"GROUPER, SNOWY",Snappers & Groupers,105302.13712178987,177480.94320760784,54,FALSE
1994,"GROUPER, WARSAW",Snappers & Groupers,109942.56039512677,151319.2136812644,79,FALSE
1994,"GROUPER, YELLOWFIN",Snappers & Groupers,35164.35931330472,62987.739055793994,30,FALSE
1994,"HIND, RED",Snappers & Groupers,6414.979388448472,9921.738607021518,27,FALSE
1994,"HIND, ROCK",Snappers & Groupers,2164.1475625,3831.25078125,17,FALSE
1994,"HIND, SPECKLED",Snappers & Groupers,54470.53296758104,93076.7141521197,27,FALSE
1994,"HOGFISH, SPANISH",Other Reef Fish,532,366.97,11,FALSE
1994,"JACK, ALMACO",Jacks,45648.48278779473,43570.39708737864,31,FALSE
1994,"JACK, BAR",Jacks,1964,1837.81,9,FALSE
1994,"JACK, CREVALLE",Jacks,1697898.178895727,555152.7191406899,130,FALSE
1994,"JACK, HORSE-EYE",Jacks,1198,1169.75,7,FALSE
1994,"JACK, YELLOW",Jacks,6973,2018.8200000000002,3,FALSE
1994,JACKKNIFE-FISH,Jacks,985,336,16,FALSE
1994,"PARROTFISH, PRINCESS",Other Reef Fish,50,184,6,FALSE
1994,"PARROTFISH, STRIPED",Other Reef Fish,788,6,10,FALSE
1994,"PORGY, RED",Porgies & Grunts,9868.87,9644.9,8,FALSE
1994,"SNAPPER, BLACK",Snappers & Groupers,851.07,936.9,4,FALSE
1994,"SNAPPER, BLACKFIN",Snappers & Groupers,358.33,666.66,7,FALSE
1994,"SNAPPER, CUBERA",Snappers & Groupers,351.08,397.51,5,FALSE
1994,"SNAPPER, DOG",Snappers & Groupers,21.090000000000003,39.93,3,FALSE
1994,"SNAPPER, LANE",Snappers & Groupers,87228.415,109659.12499999999,143,FALSE
1994,"SNAPPER, QUEEN",Snappers & Groupers,40855.33,67042.05,30,FALSE
1994,"SNAPPER, SILK",Snappers & Groupers,36840.50361702128,72096.14319148936,53,FALSE
1994,"TILEFISH, BLUELINE",Other Reef Fish,142637.834402747,130473.93148844459,60,FALSE
1994,"TILEFISH, GOLDEN",Other Reef Fish,388800.94117830455,500291.86461877037,63,FALSE
1994,"TILEFISH, GOLDFACE",Other Reef Fish,2683.56,3408,6,FALSE
1994,"TRIGGERFISH, QUEEN",Other Reef Fish,4,0,4,FALSE
1994,"TUNA, SKIPJACK",Jacks,879.6192724964411,509.9806940330089,13,FALSE
1994,"WRASSE, CREOLE",Other Reef Fish,543,264,7,FALSE
1994,"WRASSE, YELLOWHEAD",Other Reef Fish,259,185,7,FALSE
1995,"AMBERJACK, LESSER",Jacks,61189.403732795225,62471.353254100024,42,FALSE
1995,GRAYSBY,Snappers & Groupers,7.18,7.5,3,FALSE
1995,"GROUPER, BLACK",Snappers & Groupers,318669.70040609164,643289.1151103606,125,FALSE
1995,"GROUPER, MARBLED",Snappers & Groupers,14011.54,26337.5,14,FALSE
1995,"GROUPER, SNOWY",Snappers & Groupers,104199.32014942798,178075.54738722235,52,FALSE
1995,"GROUPER, WARSAW",Snappers & Groupers,84639.97753206041,121874.00489598177,71,FALSE
1995,"GROUPER, YELLOWFIN",Snappers & Groupers,15164.564109445224,27383.148289145363,26,FALSE
1995,"HIND, RED",Snappers & Groupers,3989.765056750128,6652.927099702898,26,FALSE
1995,"HIND, ROCK",Snappers & Groupers,3269.3899481865283,5723.690777202072,23,FALSE
1995,"HIND, SPECKLED",Snappers & Groupers,38032.533611526436,61180.80741606633,34,FALSE
1995,"HOGFISH, SPANISH",Other Reef Fish,215,165.45,8,FALSE
1995,"JACK, ALMACO",Jacks,45907.83257731959,43362.52824742268,33,FALSE
1995,"JACK, BAR",Jacks,2102,1311.21,8,FALSE
1995,"JACK, CREVALLE",Jacks,383484.3142016905,161937.11421497117,135,FALSE
1995,"JACK, HORSE-EYE",Jacks,1528,423.2,3,FALSE
1995,JACKKNIFE-FISH,Jacks,267,674.75,7,FALSE
1995,"PARROTFISH, PRINCESS",Other Reef Fish,6,23.5,3,FALSE
1995,"PARROTFISH, STRIPED",Other Reef Fish,227,40,5,FALSE
1995,"PORGY, KNOBBED",Porgies & Grunts,837.62,319.7,3,FALSE
1995,"PORGY, RED",Porgies & Grunts,4257.65,4549.4,9,FALSE
1995,"SNAPPER, BLACK",Snappers & Groupers,210.02,133.85,3,FALSE
1995,"SNAPPER, BLACKFIN",Snappers & Groupers,907.6750704225352,1630.2507042253517,9,FALSE
1995,"SNAPPER, CUBERA",Snappers & Groupers,406.06696629213485,498.78277153558054,3,FALSE
1995,"SNAPPER, DOG",Snappers & Groupers,492.76,591.29,7,FALSE
1995,"SNAPPER, LANE",Snappers & Groupers,72178.48004736309,78341.39487978989,114,FALSE
1995,"SNAPPER, QUEEN",Snappers & Groupers,41697.46539413845,78055.19207849083,26,FALSE
1995,"SNAPPER, SILK",Snappers & Groupers,87651.42690810651,172403.5296952072,45,FALSE
1995,"TILEFISH, BLUELINE",Other Reef Fish,79232.60978638186,82454.21666058588,46,FALSE
1995,"TILEFISH, GOLDEN",Other Reef Fish,467680.71664195246,618511.2959633479,58,FALSE
1995,"TILEFISH, GOLDFACE",Other Reef Fish,1094.24,1021.45,4,FALSE
1995,"TUNA, SKIPJACK",Jacks,1149,984.45,11,FALSE
1995,"WRASSE, CREOLE",Other Reef Fish,351,227,4,FALSE
1995,"WRASSE, YELLOWHEAD",Other Reef Fish,123,41,6,FALSE
1996,"AMBERJACK, LESSER",Jacks,68698.99514187446,75769.23964746346,35,FALSE
1996,"GROUPER, BLACK",Snappers & Groupers,318152.12117244204,701756.5441644597,114,FALSE
1996,"GROUPER, CONEY",Snappers & Groupers,5,20,3,FALSE
1996,"GROUPER, MARBLED",Snappers & Groupers,2321,4716,9,FALSE
1996,"GROUPER, NASSAU",Snappers & Groupers,798.86,1162.65,3,FALSE
1996,"GROUPER, SNOWY",Snappers & Groupers,75981.01979149137,142691.86115396774,47,FALSE
1996,"GROUPER, WARSAW",Snappers & Groupers,58027.502599542335,95131.06221967963,61,FALSE
1996,"GROUPER, YELLOWFIN",Snappers & Groupers,18009.00593673966,35065.83131386861,14,FALSE
1996,"GRUNT, FRENCH",Porgies & Grunts,33,35.25,3,FALSE
1996,"HIND, RED",Snappers & Groupers,11283.467123760242,22335.21959896507,26,FALSE
1996,"HIND, ROCK",Snappers & Groupers,4413.16,8241.94,21,FALSE
1996,"HIND, SPECKLED",Snappers & Groupers,29458.826089096507,53467.39411395224,33,FALSE
1996,"HOGFISH, SPANISH",Other Reef Fish,127,511.75,8,FALSE
1996,"JACK, ALMACO",Jacks,31822.79331598126,29646.164731910463,34,FALSE
1996,"JACK, BAR",Jacks,1378,1059.3,10,FALSE
1996,"JACK, BLACK",Jacks,1376,990,4,FALSE
1996,"JACK, CREVALLE",Jacks,482356.5729491833,262340.62221361377,98,FALSE
1996,"JACK, YELLOW",Jacks,1048,932.15,7,FALSE
1996,JACKKNIFE-FISH,Jacks,432,1546,10,FALSE
1996,"PARROTFISH, PRINCESS",Other Reef Fish,93,420.5,4,FALSE
1996,"PARROTFISH, STOPLIGHT",Other Reef Fish,17,102.5,5,FALSE
1996,"PARROTFISH, STRIPED",Other Reef Fish,72,271,4,FALSE
1996,"PORGY, JOLTHEAD",Porgies & Grunts,1335.3300000000002,906.0500000000001,4,FALSE
1996,"PORGY, KNOBBED",Porgies & Grunts,8407.74,7360.1,6,FALSE
1996,"PORGY, RED",Porgies & Grunts,15567.06,15349.69,17,FALSE
1996,"SNAPPER, BLACK",Snappers & Groupers,141.64000000000001,109.2,3,FALSE
1996,"SNAPPER, BLACKFIN",Snappers & Groupers,1000.2667896678968,2026.368634686347,10,FALSE
1996,"SNAPPER, CUBERA",Snappers & Groupers,1328.81,1612,9,FALSE
1996,"SNAPPER, DOG",Snappers & Groupers,348.2372727272727,413.03363636363633,5,FALSE
1996,"SNAPPER, LANE",Snappers & Groupers,58613.84803741167,67016.99709338658,98,FALSE
1996,"SNAPPER, QUEEN",Snappers & Groupers,10069.462190942471,19236.844981640148,19,FALSE
1996,"SNAPPER, SILK",Snappers & Groupers,32159.053141800723,68563.5935352941,41,FALSE
1996,"TILEFISH, BLUELINE",Other Reef Fish,50601.08759762694,52652.70258119483,40,FALSE
1996,"TILEFISH, GOLDEN",Other Reef Fish,200693.52,286202.45,51,FALSE
1996,"TILEFISH, GOLDFACE",Other Reef Fish,943.48,870.4,3,FALSE
1996,"TILEFISH, SAND",Other Reef Fish,103.44,79.8,4,FALSE
1996,"TRIGGERFISH, QUEEN",Other Reef Fish,31,135.5,5,FALSE
1996,"TUNA, SKIPJACK",Jacks,63.75,56.6,3,FALSE
1996,"WRASSE, CREOLE",Other Reef Fish,126,124.75,4,FALSE
1996,"WRASSE, YELLOWHEAD",Other Reef Fish,195,199.75,4,FALSE
1997,"AMBERJACK, LESSER",Jacks,42466.68,46474.87,30,FALSE
1997,GRAYSBY,Snappers & Groupers,77.88,155.45,3,FALSE
1997,"GROUPER, BLACK",Snappers & Groupers,185781.80000000002,410442.82,111,FALSE
1997,"GROUPER, CONEY",Snappers & Groupers,5,18.5,3,FALSE
1997,"GROUPER, MARBLED",Snappers & Groupers,17924.86,33714,14,FALSE
1997,"GROUPER, SNOWY",Snappers & Groupers,124497.54000000001,238518.85,44,FALSE
1997,"GROUPER, WARSAW",Snappers & Groupers,88456.22,153392.31,63,FALSE
1997,"GROUPER, YELLOWFIN",Snappers & Groupers,11525.460000000001,21149.2,13,FALSE
1997,"HIND, RED",Snappers & Groupers,2513.7400000000002,3912.98,29,FALSE
1997,"HIND, ROCK",Snappers & Groupers,1434,2482.45,22,FALSE
1997,"HIND, SPECKLED",Snappers & Groupers,48285.64,88359.34,32,FALSE
1997,"HOGFISH, SPANISH",Other Reef Fish,136,1069.5,9,FALSE
1997,"JACK, ALMACO",Jacks,44992.44,43106.59,38,FALSE
1997,"JACK, BAR",Jacks,5650,4799.4,14,FALSE
1997,"JACK, BLACK",Jacks,321,176,3,FALSE
1997,"JACK, CREVALLE",Jacks,436595,257259.36000000002,81,FALSE
1997,"JACK, HORSE-EYE",Jacks,1091,383,5,FALSE
1997,"JACK, YELLOW",Jacks,2663,1620.5,7,FALSE
1997,JACKKNIFE-FISH,Jacks,375,1324,9,FALSE
1997,"PARROTFISH, BLUE",Other Reef Fish,24,276,3,FALSE
1997,"PARROTFISH, PRINCESS",Other Reef Fish,22,108.5,3,FALSE
1997,"PARROTFISH, STRIPED",Other Reef Fish,25,111.5,6,FALSE
1997,"PORGY, JOLTHEAD",Porgies & Grunts,44.4,28.7,3,FALSE
1997,"PORGY, KNOBBED",Porgies & Grunts,18174.03,10634.79,6,FALSE
1997,"PORGY, RED",Porgies & Grunts,32769.78,28789.32,19,FALSE
1997,"SNAPPER, BLACK",Snappers & Groupers,400.71,505.75,3,FALSE
1997,"SNAPPER, BLACKFIN",Snappers & Groupers,1124.57,1900.72,15,FALSE
1997,"SNAPPER, CUBERA",Snappers & Groupers,4462.33,6232.24,15,FALSE
1997,"SNAPPER, DOG",Snappers & Groupers,382.95000000000005,462.65000000000003,5,FALSE
1997,"SNAPPER, LANE",Snappers & Groupers,61789.17,74629.58,97,FALSE
1997,"SNAPPER, QUEEN",Snappers & Groupers,26518.54,48621.15,25,FALSE
1997,"SNAPPER, SILK",Snappers & Groupers,72550.03,144194.22,40,FALSE
1997,"TILEFISH, BLUELINE",Other Reef Fish,162936.56,139965.22,50,FALSE
1997,"TILEFISH, GOLDEN",Other Reef Fish,332017.84,367982,43,FALSE
1997,"TILEFISH, GOLDFACE",Other Reef Fish,1088,849,4,FALSE
1997,"TRIGGERFISH, QUEEN",Other Reef Fish,514,794,4,FALSE
1997,"TUNA, SKIPJACK",Jacks,2086.5,1396.55,5,FALSE
1997,"WRASSE, YELLOWHEAD",Other Reef Fish,84,439.8,6,FALSE
1998,"AMBERJACK, LESSER",Jacks,26051.08,27087.87,33,FALSE
1998,GRAYSBY,Snappers & Groupers,32.86,57.45,3,FALSE
1998,"GROUPER, BLACK",Snappers & Groupers,252964.52000000002,562177.7,90,FALSE
1998,"GROUPER, MARBLED",Snappers & Groupers,13368.88,24769,15,FALSE
1998,"GROUPER, SNOWY",Snappers & Groupers,95197.48,183682.52000000002,44,FALSE
1998,"GROUPER, WARSAW",Snappers & Groupers,90348.6,161599,67,FALSE
1998,"GROUPER, YELLOWFIN",Snappers & Groupers,1136.68,2138,10,FALSE
1998,"HIND, RED",Snappers & Groupers,1362.78,2397.4,31,FALSE
1998,"HIND, ROCK",Snappers & Groupers,3123.7000000000003,5442.45,19,FALSE
1998,"HIND, SPECKLED",Snappers & Groupers,39402.04,69178.65000000001,37,FALSE
1998,"HOGFISH, SPANISH",Other Reef Fish,48,72.25,6,FALSE
1998,"JACK, ALMACO",Jacks,32003.51,31808.05,40,FALSE
1998,"JACK, BAR",Jacks,2743,2458.41,18,FALSE
1998,"JACK, CREVALLE",Jacks,658364,337383.02,74,FALSE
1998,"JACK, YELLOW",Jacks,1625,1101.75,7,FALSE
1998,JACKKNIFE-FISH,Jacks,754,3146.25,4,FALSE
1998,"PARROTFISH, PRINCESS",Other Reef Fish,80,541,3,FALSE
1998,"PARROTFISH, STRIPED",Other Reef Fish,34,117.5,4,FALSE
1998,"PORGY, JOLTHEAD",Porgies & Grunts,2112.33,987.5,6,FALSE
1998,"PORGY, KNOBBED",Porgies & Grunts,19394.87,12196.16,9,FALSE
1998,"PORGY, RED",Porgies & Grunts,66819.95,64056.950000000004,22,FALSE
1998,"SNAPPER, BLACKFIN",Snappers & Groupers,2518.3,4636.85,10,FALSE
1998,"SNAPPER, CUBERA",Snappers & Groupers,1667.98,2228.5,10,FALSE
1998,"SNAPPER, DOG",Snappers & Groupers,750.36,939,5,FALSE
1998,"SNAPPER, LANE",Snappers & Groupers,31471.81,41990.04,91,FALSE
1998,"SNAPPER, QUEEN",Snappers & Groupers,24649.24,47408.85,23,FALSE
1998,"SNAPPER, SILK",Snappers & Groupers,55229.520000000004,109311.82,42,FALSE
1998,"TILEFISH, BLUELINE",Other Reef Fish,109842.8,91670.79000000001,43,FALSE
1998,"TILEFISH, GOLDEN",Other Reef Fish,297455.72000000003,356568,48,FALSE
1998,"TILEFISH, GOLDFACE",Other Reef Fish,1230.24,1443.5,4,FALSE
1998,"TILEFISH, SAND",Other Reef Fish,15.56,11.3,4,FALSE
1998,"TRIGGERFISH, QUEEN",Other Reef Fish,8,39,3,FALSE
1998,"TUNA, SKIPJACK",Jacks,342.5,224.4,7,FALSE
1998,"WRASSE, CREOLE",Other Reef Fish,268,277.85,3,FALSE
1998,"WRASSE, YELLOWHEAD",Other Reef Fish,14,35.6,4,FALSE
1999,"AMBERJACK, LESSER",Jacks,29044.55,31905.43,55,FALSE
1999,GRAYSBY,Snappers & Groupers,122.86,294.4,6,FALSE
1999,"GROUPER, BLACK",Snappers & Groupers,362569.74,823423.89,107,FALSE
1999,"GROUPER, MARBLED",Snappers & Groupers,4654.48,8211.5,15,FALSE
1999,"GROUPER, MISTY",Snappers & Groupers,845,1885,3,FALSE
1999,"GROUPER, SNOWY",Snappers & Groupers,118049.7,226279.45,46,FALSE
1999,"GROUPER, WARSAW",Snappers & Groupers,190795.18,341040.24,62,FALSE
1999,"GROUPER, YELLOWFIN",Snappers & Groupers,5877.16,11199.8,13,FALSE
1999,"GROUPER, YELLOWMOUTH",Snappers & Groupers,837,1919,6,FALSE
1999,"HIND, RED",Snappers & Groupers,7723.54,11393.5,30,FALSE
1999,"HIND, ROCK",Snappers & Groupers,1099,1892.2,14,FALSE
1999,"HIND, SPECKLED",Snappers & Groupers,45956.24,84552.26,38,FALSE
1999,"HOGFISH, SPANISH",Other Reef Fish,26,162.5,3,FALSE
1999,"JACK, ALMACO",Jacks,43518.61,40027.31,50,FALSE
1999,"JACK, BAR",Jacks,28255,23223.95,34,FALSE
1999,"JACK, BLACK",Jacks,321,229,5,FALSE
1999,"JACK, CREVALLE",Jacks,565861,289720.8,67,FALSE
1999,"JACK, HORSE-EYE",Jacks,65,61.5,6,FALSE
1999,"JACK, YELLOW",Jacks,955,565,9,FALSE
1999,JACKKNIFE-FISH,Jacks,376,1600,11,FALSE
1999,"PARROTFISH, BLUE",Other Reef Fish,9,53,4,FALSE
1999,"PARROTFISH, PRINCESS",Other Reef Fish,50,231.1,5,FALSE
1999,"PARROTFISH, STRIPED",Other Reef Fish,51,153.3,4,FALSE
1999,"PORGY, JOLTHEAD",Porgies & Grunts,4037.6800000000003,1886.3,9,FALSE
1999,"PORGY, KNOBBED",Porgies & Grunts,31954.54,19575.35,11,FALSE
1999,"PORGY, RED",Porgies & Grunts,77580.14,75750.15,43,FALSE
1999,"PORGY, WHITEBONE",Porgies & Grunts,4457,3913,15,FALSE
1999,"SNAPPER, BLACK",Snappers & Groupers,46193.95,82601.75,24,FALSE
1999,"SNAPPER, BLACKFIN",Snappers & Groupers,3032.21,5986.6500000000005,10,FALSE
1999,"SNAPPER, CUBERA",Snappers & Groupers,3493.4900000000002,5568.45,14,FALSE
1999,"SNAPPER, DOG",Snappers & Groupers,330.47,429.7,6,FALSE
1999,"SNAPPER, LANE",Snappers & Groupers,49217.92,70647.78,119,FALSE
1999,"SNAPPER, QUEEN",Snappers & Groupers,19909.57,35297.88,31,FALSE
1999,"SNAPPER, SILK",Snappers & Groupers,85808.68000000001,163190.88,45,FALSE
1999,"TILEFISH, BLUELINE",Other Reef Fish,80439.68000000001,66277.64,34,FALSE
1999,"TILEFISH, GOLDEN",Other Reef Fish,371556.52,495369.15,42,FALSE
1999,"TILEFISH, GOLDFACE",Other Reef Fish,14814.16,17023.15,12,FALSE
1999,"TRIGGERFISH, OCEAN",Other Reef Fish,1875,2028,3,FALSE
1999,"TRIGGERFISH, QUEEN",Other Reef Fish,73,147,4,FALSE
1999,"TUNA, SKIPJACK",Jacks,1139.25,1403.75,4,FALSE
2000,"AMBERJACK, LESSER",Jacks,42301.79,48174.18,44,FALSE
2000,GRAYSBY,Snappers & Groupers,87.42,161.9,4,FALSE
2000,"GROUPER, BLACK",Snappers & Groupers,398558.78,947715.476,112,FALSE
2000,"GROUPER, MARBLED",Snappers & Groupers,2100.1,3725.1,12,FALSE
2000,"GROUPER, MISTY",Snappers & Groupers,1005.36,1281.2,3,FALSE
2000,"GROUPER, SNOWY",Snappers & Groupers,181259.03,362304.61,49,FALSE
2000,"GROUPER, WARSAW",Snappers & Groupers,153200.2,256428.11000000002,59,FALSE
2000,"GROUPER, YELLOWFIN",Snappers & Groupers,11831.22,26034.6,14,FALSE
2000,"GRUNT, FRENCH",Porgies & Grunts,48,96,3,FALSE
2000,"HIND, RED",Snappers & Groupers,7238.240000000001,12070.74,32,FALSE
2000,"HIND, ROCK",Snappers & Groupers,409.46000000000004,534.6,13,FALSE
2000,"HIND, SPECKLED",Snappers & Groupers,64205.33,118236.92,38,FALSE
2000,"HOGFISH, SPANISH",Other Reef Fish,62,269.5,6,FALSE
2000,"JACK, ALMACO",Jacks,43630.86,43749.7,42,FALSE
2000,"JACK, BAR",Jacks,19549.2,18244.49,34,FALSE
2000,"JACK, BLACK",Jacks,128.96,78,3,FALSE
2000,"JACK, CREVALLE",Jacks,460095.67,248176.14,71,FALSE
2000,"JACK, HORSE-EYE",Jacks,162.6,135.05,5,FALSE
2000,"JACK, YELLOW",Jacks,2022,1212.02,8,FALSE
2000,JACKKNIFE-FISH,Jacks,369,717.5,5,FALSE
2000,"PARROTFISH, PRINCESS",Other Reef Fish,71,244.8,4,FALSE
2000,"PARROTFISH, STRIPED",Other Reef Fish,11,58.25,4,FALSE
2000,"PORGY, JOLTHEAD",Porgies & Grunts,3235.62,1782.05,13,FALSE
2000,"PORGY, KNOBBED",Porgies & Grunts,27415.100000000002,19122.45,13,FALSE
2000,"PORGY, RED",Porgies & Grunts,76956.23,78823.754,39,FALSE
2000,"PORGY, WHITEBONE",Porgies & Grunts,2688.76,2417.21,13,FALSE
2000,"SNAPPER, BLACK",Snappers & Groupers,44063.9,81375.29,18,FALSE
2000,"SNAPPER, BLACKFIN",Snappers & Groupers,897.45,1617.3600000000001,13,FALSE
2000,"SNAPPER, CUBERA",Snappers & Groupers,958.6,894.85,7,FALSE
2000,"SNAPPER, DOG",Snappers & Groupers,355.31,406.48,4,FALSE
2000,"SNAPPER, LANE",Snappers & Groupers,47221.68,67628.1,102,FALSE
2000,"SNAPPER, QUEEN",Snappers & Groupers,18980.68,36310.44,25,FALSE
2000,"SNAPPER, SILK",Snappers & Groupers,117195.21,230311.46,45,FALSE
2000,"TILEFISH, BLUELINE",Other Reef Fish,103577.67,88232.66,36,FALSE
2000,"TILEFISH, GOLDEN",Other Reef Fish,470288.94,714142.38,42,FALSE
2000,"TILEFISH, GOLDFACE",Other Reef Fish,9811.65,7147.94,9,FALSE
2000,"TILEFISH, SAND",Other Reef Fish,371.84000000000003,594.4000000000001,5,FALSE
2000,"TUNA, SKIPJACK",Jacks,2027.5,1437.3,7,FALSE
2001,"AMBERJACK, LESSER",Jacks,38746.61,43771.44,48,FALSE
2001,GRAYSBY,Snappers & Groupers,49.53,93.5,5,FALSE
2001,"GROUPER, BLACK",Snappers & Groupers,360159.11,865593.41,104,FALSE
2001,"GROUPER, MARBLED",Snappers & Groupers,2638.8,4291.8,8,FALSE
2001,"GROUPER, MISTY",Snappers & Groupers,141.6,304.3,3,FALSE
2001,"GROUPER, SNOWY",Snappers & Groupers,173426.15,355863.05,54,FALSE
2001,"GROUPER, WARSAW",Snappers & Groupers,139620.79,250609.17,64,FALSE
2001,"GROUPER, YELLOWFIN",Snappers & Groupers,12344.02,28724.89,20,FALSE
2001,"GROUPER, YELLOWMOUTH",Snappers & Groupers,128.03,264.6,4,FALSE
2001,"GRUNT, FRENCH",Porgies & Grunts,46,69.75,3,FALSE
2001,"HIND, RED",Snappers & Groupers,3779.87,6680.75,31,FALSE
2001,"HIND, ROCK",Snappers & Groupers,151.45,215.45000000000002,11,FALSE
2001,"HIND, SPECKLED",Snappers & Groupers,63344.16,122679.55,46,FALSE
2001,"HOGFISH, SPANISH",Other Reef Fish,75,372.4,8,FALSE
2001,"JACK, ALMACO",Jacks,57028.44,54420.336,41,FALSE
2001,"JACK, BAR",Jacks,32750,26045.28,40,FALSE
2001,"JACK, BLACK",Jacks,136.24,98.4,4,FALSE
2001,"JACK, CREVALLE",Jacks,485236.91,274442.13,72,FALSE
2001,"JACK, HORSE-EYE",Jacks,388.28,250.85,3,FALSE
2001,JACKKNIFE-FISH,Jacks,845,3530.5,10,FALSE
2001,"PARROTFISH, BLUE",Other Reef Fish,5,28,3,FALSE
2001,"PARROTFISH, PRINCESS",Other Reef Fish,68,402.3,5,FALSE
2001,"PARROTFISH, REDBAND",Other Reef Fish,64,319.5,3,FALSE
2001,"PARROTFISH, STRIPED",Other Reef Fish,220,693,3,FALSE
2001,"PORGY, JOLTHEAD",Porgies & Grunts,1942.0900000000001,1531.65,16,FALSE
2001,"PORGY, KNOBBED",Porgies & Grunts,38051.53,26243.6,8,FALSE
2001,"PORGY, RED",Porgies & Grunts,93725.05,105314.78,43,FALSE
2001,"PORGY, WHITEBONE",Porgies & Grunts,2488.12,1476.39,12,FALSE
2001,"SNAPPER, BLACK",Snappers & Groupers,28409.86,45987.4,20,FALSE
2001,"SNAPPER, BLACKFIN",Snappers & Groupers,2400.27,4434.41,13,FALSE
2001,"SNAPPER, CUBERA",Snappers & Groupers,1438.17,1184.21,8,FALSE
2001,"SNAPPER, DOG",Snappers & Groupers,756.85,759.46,7,FALSE
2001,"SNAPPER, LANE",Snappers & Groupers,47654.71,75532.115,104,FALSE
2001,"SNAPPER, QUEEN",Snappers & Groupers,24308.9,44755.82,30,FALSE
2001,"SNAPPER, SILK",Snappers & Groupers,103908.04,200344.31,42,FALSE
2001,"TILEFISH, BLUELINE",Other Reef Fish,84113.65000000001,75246.54,35,FALSE
2001,"TILEFISH, GOLDEN",Other Reef Fish,451211.48,693932.91,46,FALSE
2001,"TILEFISH, GOLDFACE",Other Reef Fish,35695.24,59655.41,12,FALSE
2001,"TRIGGERFISH, QUEEN",Other Reef Fish,751.5,662.73,4,FALSE
2001,"TUNA, SKIPJACK",Jacks,142.46,68.75,4,FALSE
2002,"AMBERJACK, LESSER",Jacks,110233.19,111491.49,44,FALSE
2002,GRAYSBY,Snappers & Groupers,112.17,287.25,4,FALSE
2002,"GROUPER, BLACK",Snappers & Groupers,306057.16000000003,707491.89,105,FALSE
2002,"GROUPER, MARBLED",Snappers & Groupers,2762.64,5178.5,11,FALSE
2002,"GROUPER, MISTY",Snappers & Groupers,649,1099.3,3,FALSE
2002,"GROUPER, SNOWY",Snappers & Groupers,130728.98,255220.88,51,FALSE
2002,"GROUPER, WARSAW",Snappers & Groupers,209103.32,379523.16,70,FALSE
2002,"GROUPER, YELLOWFIN",Snappers & Groupers,9541.39,19852.65,16,FALSE
2002,"GROUPER, YELLOWMOUTH",Snappers & Groupers,949.86,1780.4,4,FALSE
2002,"HIND, RED",Snappers & Groupers,2410.38,4025.6,37,FALSE
2002,"HIND, ROCK",Snappers & Groupers,393.76,702.4,10,FALSE
2002,"HIND, SPECKLED",Snappers & Groupers,48713.55,86450.782,38,FALSE
2002,"HOGFISH, SPANISH",Other Reef Fish,118,730.12,6,FALSE
2002,"JACK, ALMACO",Jacks,46948.06,43602.488,45,FALSE
2002,"JACK, BAR",Jacks,44553.01,35265.01,34,FALSE
2002,"JACK, BLACK",Jacks,86.64,37.25,3,FALSE
2002,"JACK, CREVALLE",Jacks,351125.7,199799.74,71,FALSE
2002,"JACK, YELLOW",Jacks,606.6,831.27,5,FALSE
2002,JACKKNIFE-FISH,Jacks,491,1858.5,11,FALSE
2002,"PARROTFISH, PRINCESS",Other Reef Fish,66,345.5,4,FALSE
2002,"PARROTFISH, REDBAND",Other Reef Fish,52,336.32,3,FALSE
2002,"PARROTFISH, STOPLIGHT",Other Reef Fish,23,174.99,3,FALSE
2002,"PARROTFISH, STRIPED",Other Reef Fish,235,681.05,3,FALSE
2002,"PORGY, JOLTHEAD",Porgies & Grunts,1570.26,1271.13,11,FALSE
2002,"PORGY, KNOBBED",Porgies & Grunts,34815.88,21606.55,7,FALSE
2002,"PORGY, RED",Porgies & Grunts,102564.1,109668.3,52,FALSE
2002,"PORGY, WHITEBONE",Porgies & Grunts,3169,2559.65,13,FALSE
2002,"SNAPPER, BLACK",Snappers & Groupers,24176.61,38480.17,21,FALSE
2002,"SNAPPER, BLACKFIN",Snappers & Groupers,2229.23,3856.4,13,FALSE
2002,"SNAPPER, CUBERA",Snappers & Groupers,832.5,865.09,9,FALSE
2002,"SNAPPER, DOG",Snappers & Groupers,578.36,406.2,4,FALSE
2002,"SNAPPER, LANE",Snappers & Groupers,53014.26,92369.8,106,FALSE
2002,"SNAPPER, QUEEN",Snappers & Groupers,11667.65,20871.83,21,FALSE
2002,"SNAPPER, SILK",Snappers & Groupers,46653.48,98149.91,38,FALSE
2002,"TILEFISH, BLUELINE",Other Reef Fish,60749.86,51570.49,28,FALSE
2002,"TILEFISH, GOLDEN",Other Reef Fish,530849.08,762481.28,43,FALSE
2002,"TILEFISH, GOLDFACE",Other Reef Fish,20996.36,32209.3,8,FALSE
2002,"TILEFISH, SAND",Other Reef Fish,7.72,4.5,3,FALSE
2002,"TRIGGERFISH, QUEEN",Other Reef Fish,1101.56,1347.3,5,FALSE
2002,"WRASSE, CLOWN",Other Reef Fish,20,32.58,4,FALSE
2003,"AMBERJACK, LESSER",Jacks,73144.13,73732.89,46,FALSE
2003,GRAYSBY,Snappers & Groupers,23.990000000000002,61.9,6,FALSE
2003,"GROUPER, BLACK",Snappers & Groupers,365229.25,896655.62,97,FALSE
2003,"GROUPER, MARBLED",Snappers & Groupers,3063.3,5990,16,FALSE
2003,"GROUPER, MISTY",Snappers & Groupers,414.18,928.3,5,FALSE
2003,"GROUPER, SNOWY",Snappers & Groupers,216390.83000000002,441670.71,58,FALSE
2003,"GROUPER, WARSAW",Snappers & Groupers,251073.66,475165.65,74,FALSE
2003,"GROUPER, YELLOWFIN",Snappers & Groupers,4886.49,9477.2,18,FALSE
2003,"GRUNT, FRENCH",Porgies & Grunts,28,59.25,4,FALSE
2003,"HIND, RED",Snappers & Groupers,3072.47,5536.86,33,FALSE
2003,"HIND, ROCK",Snappers & Groupers,514.48,932.9,9,FALSE
2003,"HIND, SPECKLED",Snappers & Groupers,82178.21,151567.16,45,FALSE
2003,"HOGFISH, SPANISH",Other Reef Fish,78,575.46,7,FALSE
2003,"JACK, ALMACO",Jacks,36342.93,30200.19,44,FALSE
2003,"JACK, BAR",Jacks,43206.33,38057.57,43,FALSE
2003,"JACK, CREVALLE",Jacks,501694.78,300282.45,63,FALSE
2003,"JACK, HORSE-EYE",Jacks,125.60000000000001,62.3,3,FALSE
2003,JACKKNIFE-FISH,Jacks,686,3617.2,10,FALSE
2003,"PARROTFISH, STRIPED",Other Reef Fish,110,328.5,3,FALSE
2003,"PORGY, JOLTHEAD",Porgies & Grunts,3775.2200000000003,2939.05,16,FALSE
2003,"PORGY, KNOBBED",Porgies & Grunts,21497.78,12810.72,10,FALSE
2003,"PORGY, RED",Porgies & Grunts,104184.48,111450.29000000001,48,FALSE
2003,"PORGY, WHITEBONE",Porgies & Grunts,10912.48,9921,13,FALSE
2003,"SNAPPER, BLACK",Snappers & Groupers,3440.95,4374.5,15,FALSE
2003,"SNAPPER, BLACKFIN",Snappers & Groupers,2376.52,4224.93,14,FALSE
2003,"SNAPPER, CUBERA",Snappers & Groupers,1719.6200000000001,2153.35,8,FALSE
2003,"SNAPPER, LANE",Snappers & Groupers,50816.22,83868.015,98,FALSE
2003,"SNAPPER, MAHOGANY",Snappers & Groupers,32.19,55.8,3,FALSE
2003,"SNAPPER, QUEEN",Snappers & Groupers,9694.54,19518.37,33,FALSE
2003,"SNAPPER, SILK",Snappers & Groupers,30880.2,68237.84,41,FALSE
2003,"TILEFISH, BLUELINE",Other Reef Fish,95842.31,75993.24,35,FALSE
2003,"TILEFISH, GOLDEN",Other Reef Fish,401369.99,598421.23,48,FALSE
2003,"TILEFISH, GOLDFACE",Other Reef Fish,38037.42,54693.11,11,FALSE
2003,"TILEFISH, SAND",Other Reef Fish,22.400000000000002,12.25,3,FALSE
2003,"TRIGGERFISH, QUEEN",Other Reef Fish,35,40.7,3,FALSE
2003,"TUNA, SKIPJACK",Jacks,189.86,588.55,3,FALSE
2003,"WRASSE, CLOWN",Other Reef Fish,6,9.9,3,FALSE
2003,"WRASSE, YELLOWHEAD",Other Reef Fish,34,67,3,FALSE
2004,"AMBERJACK, LESSER",Jacks,67749.54000000001,73554.9,42,FALSE
2004,GRAYSBY,Snappers & Groupers,60.92,157.15,5,FALSE
2004,"GROUPER, BLACK",Snappers & Groupers,371909.81,910087.38,96,FALSE
2004,"GROUPER, MARBLED",Snappers & Groupers,3660.36,7655.1500000000005,12,FALSE
2004,"GROUPER, SNOWY",Snappers & Groupers,182392.77,373312.23,52,FALSE
2004,"GROUPER, WARSAW",Snappers & Groupers,166574.45,311767.17,68,FALSE
2004,"GROUPER, YELLOWFIN",Snappers & Groupers,6257.81,14636.4,19,FALSE
2004,"GROUPER, YELLOWMOUTH",Snappers & Groupers,522.86,1452.9,5,FALSE
2004,"GRUNT, FRENCH",Porgies & Grunts,35,107,3,FALSE
2004,"HIND, RED",Snappers & Groupers,6949.41,12113.65,34,FALSE
2004,"HIND, ROCK",Snappers & Groupers,385.86,589.0500000000001,12,FALSE
2004,"HIND, SPECKLED",Snappers & Groupers,101822.06,200401.43,38,FALSE
2004,"HOGFISH, SPANISH",Other Reef Fish,62,219.65,4,FALSE
2004,"JACK, ALMACO",Jacks,27746.86,23939.29,33,FALSE
2004,"JACK, BAR",Jacks,43138.91,30738.23,44,FALSE
2004,"JACK, BLACK",Jacks,188.24,82,3,FALSE
2004,"JACK, CREVALLE",Jacks,340649.46,205676.15,65,FALSE
2004,"JACK, HORSE-EYE",Jacks,354.72,167.05,5,FALSE
2004,"JACK, YELLOW",Jacks,610.95,384.3,4,FALSE
2004,JACKKNIFE-FISH,Jacks,445,2265.5,8,FALSE
2004,"PARROTFISH, PRINCESS",Other Reef Fish,21,165.75,4,FALSE
2004,"PARROTFISH, RAINBOW",Other Reef Fish,15,178,3,FALSE
2004,"PORGY, JOLTHEAD",Porgies & Grunts,5622.74,4325.24,25,FALSE
2004,"PORGY, KNOBBED",Porgies & Grunts,32023.850000000002,16145.49,21,FALSE
2004,"PORGY, RED",Porgies & Grunts,114008.67,118023.67,53,FALSE
2004,"PORGY, WHITEBONE",Porgies & Grunts,9521.8,10057.89,12,FALSE
2004,"SNAPPER, BLACK",Snappers & Groupers,8438.42,12790.57,13,FALSE
2004,"SNAPPER, BLACKFIN",Snappers & Groupers,3787.32,7326.25,17,FALSE
2004,"SNAPPER, CUBERA",Snappers & Groupers,1376.41,1550.09,14,FALSE
2004,"SNAPPER, DOG",Snappers & Groupers,1442.22,875.65,6,FALSE
2004,"SNAPPER, LANE",Snappers & Groupers,42483.19,70969.27,101,FALSE
2004,"SNAPPER, QUEEN",Snappers & Groupers,7901.610000000001,15924.4,31,FALSE
2004,"SNAPPER, SILK",Snappers & Groupers,34373.8,79037.99,41,FALSE
2004,"TILEFISH, BLUELINE",Other Reef Fish,129764.36,106814.62,33,FALSE
2004,"TILEFISH, GOLDEN",Other Reef Fish,464239.16000000003,665845.28,47,FALSE
2004,"TILEFISH, GOLDFACE",Other Reef Fish,84590.76,111841.8,8,FALSE
2004,"TILEFISH, SAND",Other Reef Fish,72.2,38.84,5,FALSE
2004,"TRIGGERFISH, QUEEN",Other Reef Fish,461.24,518.9,4,FALSE
2004,"TUNA, SKIPJACK",Jacks,1055.75,599.2,7,FALSE
2005,"AMBERJACK, LESSER",Jacks,43785.840000000004,51798.7,26,FALSE
2005,GRAYSBY,Snappers & Groupers,17.28,28.200000000000003,4,FALSE
2005,"GROUPER, BLACK",Snappers & Groupers,217697.31,556546.8895,82,FALSE
2005,"GROUPER, CONEY",Snappers & Groupers,12.18,86,3,FALSE
2005,"GROUPER, MARBLED",Snappers & Groupers,3427.96,6996.05,8,FALSE
2005,"GROUPER, SNOWY",Snappers & Groupers,184059.13,401221.39,50,FALSE
2005,"GROUPER, WARSAW",Snappers & Groupers,161493.07,332666.03,63,FALSE
2005,"GROUPER, YELLOWFIN",Snappers & Groupers,6676.04,17093.800000000003,13,FALSE
2005,"GROUPER, YELLOWMOUTH",Snappers & Groupers,574.66,1275.15,5,FALSE
2005,"HIND, RED",Snappers & Groupers,2481.23,3940.8,25,FALSE
2005,"HIND, ROCK",Snappers & Groupers,234.5,335.15,11,FALSE
2005,"HIND, SPECKLED",Snappers & Groupers,88999.5,181246.27000000002,41,FALSE
2005,"HOGFISH, SPANISH",Other Reef Fish,4,8.85,3,FALSE
2005,"JACK, ALMACO",Jacks,18738.97,17085.71,34,FALSE
2005,"JACK, BAR",Jacks,31286.03,24101.841,41,FALSE
2005,"JACK, CREVALLE",Jacks,243563.56,155306.91,62,FALSE
2005,"JACK, HORSE-EYE",Jacks,51.92,19.8,3,FALSE
2005,"JACK, YELLOW",Jacks,166,98.25,6,FALSE
2005,JACKKNIFE-FISH,Jacks,642,3109.5,9,FALSE
2005,"PARROTFISH, MIDNIGHT",Other Reef Fish,26,211,3,FALSE
2005,"PARROTFISH, PRINCESS",Other Reef Fish,96,335.5,4,FALSE
2005,"PARROTFISH, RAINBOW",Other Reef Fish,20,207,3,FALSE
2005,"PORGY, JOLTHEAD",Porgies & Grunts,6816.09,6586.75,26,FALSE
2005,"PORGY, KNOBBED",Porgies & Grunts,6929.54,4495.22,18,FALSE
2005,"PORGY, RED",Porgies & Grunts,72492.6,72678.147,51,FALSE
2005,"PORGY, WHITEBONE",Porgies & Grunts,6806.48,6838.1900000000005,12,FALSE
2005,"SNAPPER, BLACK",Snappers & Groupers,3978.63,5562.36,12,FALSE
2005,"SNAPPER, BLACKFIN",Snappers & Groupers,3409.93,6954,13,FALSE
2005,"SNAPPER, CUBERA",Snappers & Groupers,744.26,1018.45,7,FALSE
2005,"SNAPPER, DOG",Snappers & Groupers,786.49,971.46,9,FALSE
2005,"SNAPPER, LANE",Snappers & Groupers,40058.8,75426.42,87,FALSE
2005,"SNAPPER, QUEEN",Snappers & Groupers,13179.73,29070.77,32,FALSE
2005,"SNAPPER, SILK",Snappers & Groupers,26467.3,61957.340000000004,40,FALSE
2005,"TILEFISH, BLUELINE",Other Reef Fish,94422.14,82812.28,40,FALSE
2005,"TILEFISH, GOLDEN",Other Reef Fish,576007.38,949067.14,45,FALSE
2005,"TILEFISH, GOLDFACE",Other Reef Fish,34771.520000000004,51856.15,6,FALSE
2005,"TILEFISH, SAND",Other Reef Fish,54.88,33.8,5,FALSE
2005,"TRIGGERFISH, QUEEN",Other Reef Fish,201,118.95,4,FALSE
2005,"TUNA, SKIPJACK",Jacks,637,143.3,3,FALSE
2006,"AMBERJACK, LESSER",Jacks,40576.62,48083.22,24,FALSE
2006,GRAYSBY,Snappers & Groupers,43.47,98.02000000000001,4,FALSE
2006,"GROUPER, BLACK",Snappers & Groupers,159033.87,456280.96,83,FALSE
2006,"GROUPER, MARBLED",Snappers & Groupers,2612.7,6330.5999999999995,7,FALSE
2006,"GROUPER, MISTY",Snappers & Groupers,118.6,277.6,4,FALSE
2006,"GROUPER, SNOWY",Snappers & Groupers,172053.67,396124.26,49,FALSE
2006,"GROUPER, WARSAW",Snappers & Groupers,138820.79,308142.76,52,FALSE
2006,"GROUPER, YELLOWFIN",Snappers & Groupers,688.91,1838.65,9,FALSE
2006,"HIND, RED",Snappers & Groupers,1456.4,2566.42,23,FALSE
2006,"HIND, ROCK",Snappers & Groupers,172.26,328.28000000000003,11,FALSE
2006,"HIND, SPECKLED",Snappers & Groupers,65213.31,146459.1,35,FALSE
2006,"HOGFISH, SPANISH",Other Reef Fish,37,252,4,FALSE
2006,"JACK, ALMACO",Jacks,15072.130000000001,15737.11,27,FALSE
2006,"JACK, BAR",Jacks,29669.99,24024.21,40,FALSE
2006,"JACK, CREVALLE",Jacks,381824.98,264468.46,68,FALSE
2006,"JACK, HORSE-EYE",Jacks,195.76000000000002,145.35,5,FALSE
2006,"JACK, YELLOW",Jacks,844,464.25,5,FALSE
2006,JACKKNIFE-FISH,Jacks,431,2738,7,FALSE
2006,"PARROTFISH, STRIPED",Other Reef Fish,17,107.7,4,FALSE
2006,"PORGY, JOLTHEAD",Porgies & Grunts,4260.7300000000005,4048.33,25,FALSE
2006,"PORGY, KNOBBED",Porgies & Grunts,3783.34,3446.2000000000003,17,FALSE
2006,"PORGY, RED",Porgies & Grunts,102859.31,113803.38,54,FALSE
2006,"PORGY, WHITEBONE",Porgies & Grunts,6184.48,7661.1,12,FALSE
2006,"SNAPPER, BLACK",Snappers & Groupers,6429.26,8593.68,14,FALSE
2006,"SNAPPER, BLACKFIN",Snappers & Groupers,6046.3,13140.9,9,FALSE
2006,"SNAPPER, CUBERA",Snappers & Groupers,1075.81,1417.01,10,FALSE
2006,"SNAPPER, DOG",Snappers & Groupers,1513.09,1010.44,5,FALSE
2006,"SNAPPER, LANE",Snappers & Groupers,49479.68,97038.36,94,FALSE
2006,"SNAPPER, QUEEN",Snappers & Groupers,6207.46,14732.2,21,FALSE
2006,"SNAPPER, SILK",Snappers & Groupers,16510.31,41184.18,35,FALSE
2006,"TILEFISH, BLUELINE",Other Reef Fish,124577.43000000001,102634.04,37,FALSE
2006,"TILEFISH, GOLDEN",Other Reef Fish,297200.91000000003,471553.63,40,FALSE
2006,"TILEFISH, GOLDFACE",Other Reef Fish,28711.36,41310.700000000004,3,FALSE
2006,"TILEFISH, SAND",Other Reef Fish,17.92,12.3,4,FALSE
2006,"TRIGGERFISH, QUEEN",Other Reef Fish,16.32,163.2,3,FALSE
2006,"WRASSE, CLOWN",Other Reef Fish,36,106.73,3,FALSE
2006,"WRASSE, CREOLE",Other Reef Fish,76,279.98,3,FALSE
2006,"WRASSE, YELLOWHEAD",Other Reef Fish,50,97.05,3,FALSE
2007,"AMBERJACK, LESSER",Jacks,26702.2,34020.15,18,FALSE
2007,"GROUPER, BLACK",Snappers & Groupers,110444.63,340877.63,73,FALSE
2007,"GROUPER, MARBLED",Snappers & Groupers,5597.92,11911.95,6,FALSE
2007,"GROUPER, MISTY",Snappers & Groupers,92.03999999999999,168.25,4,FALSE
2007,"GROUPER, SNOWY",Snappers & Groupers,177857.27,474238.08,48,FALSE
2007,"GROUPER, WARSAW",Snappers & Groupers,89185.95,198918.67,44,FALSE
2007,"GROUPER, YELLOWFIN",Snappers & Groupers,6691.88,17515.05,9,FALSE
2007,"HIND, RED",Snappers & Groupers,1612.7,3531.56,24,FALSE
2007,"HIND, ROCK",Snappers & Groupers,343.38,630.36,9,FALSE
2007,"HIND, SPECKLED",Snappers & Groupers,81193.93000000001,222014.76,38,FALSE
2007,"HOGFISH, SPANISH",Other Reef Fish,32,196.5,4,FALSE
2007,"JACK, ALMACO",Jacks,30568.15,30612.33,23,FALSE
2007,"JACK, BAR",Jacks,45932.53,37233.44,36,FALSE
2007,"JACK, CREVALLE",Jacks,310012.67,211958.22,58,FALSE
2007,JACKKNIFE-FISH,Jacks,249,1259.5,7,FALSE
2007,"PARROTFISH, PRINCESS",Other Reef Fish,56,301,4,FALSE
2007,"PORGY, JOLTHEAD",Porgies & Grunts,3060.2200000000003,2764.13,16,FALSE
2007,"PORGY, KNOBBED",Porgies & Grunts,2234.9,1504.46,12,FALSE
2007,"PORGY, RED",Porgies & Grunts,147579.88,157917.58000000002,38,FALSE
2007,"PORGY, WHITEBONE",Porgies & Grunts,10896.4,14010.95,11,FALSE
2007,"SNAPPER, BLACK",Snappers & Groupers,1051.17,1345.5,9,FALSE
2007,"SNAPPER, BLACKFIN",Snappers & Groupers,7429.25,19119.58,9,FALSE
2007,"SNAPPER, CUBERA",Snappers & Groupers,1103.97,1828.26,11,FALSE
2007,"SNAPPER, DOG",Snappers & Groupers,1080.95,788.75,4,FALSE
2007,"SNAPPER, LANE",Snappers & Groupers,28696.16,60243.89,78,FALSE
2007,"SNAPPER, QUEEN",Snappers & Groupers,7987.46,19634.33,22,FALSE
2007,"SNAPPER, SILK",Snappers & Groupers,23249.58,64026.28,35,FALSE
2007,"TILEFISH, BLUELINE",Other Reef Fish,129539.05,112971.12,33,FALSE
2007,"TILEFISH, GOLDEN",Other Reef Fish,320584.44,536044.95,32,FALSE
2008,"AMBERJACK, LESSER",Jacks,24126.38,32018.05,16,FALSE
2008,"GROUPER, BLACK",Snappers & Groupers,65557.73,206039.59,70,FALSE
2008,"GROUPER, MARBLED",Snappers & Groupers,7769.12,16719.350000000002,6,FALSE
2008,"GROUPER, SNOWY",Snappers & Groupers,200250.54,518446.91000000003,49,FALSE
2008,"GROUPER, WARSAW",Snappers & Groupers,89860.57,228999.8,41,FALSE
2008,"GROUPER, YELLOWFIN",Snappers & Groupers,2463.59,6139.35,8,FALSE
2008,"HIND, RED",Snappers & Groupers,1994.91,4450.59,22,FALSE
2008,"HIND, ROCK",Snappers & Groupers,252.23000000000002,517.5,16,FALSE
2008,"HIND, SPECKLED",Snappers & Groupers,41232.54,101889.86,33,FALSE
2008,"HOGFISH, SPANISH",Other Reef Fish,44,260,5,FALSE
2008,"JACK, ALMACO",Jacks,24122.47,26770.45,20,FALSE
2008,"JACK, BAR",Jacks,88476.08,74830.32,43,FALSE
2008,"JACK, CREVALLE",Jacks,276721.42,206855.55000000002,55,FALSE
2008,"JACK, YELLOW",Jacks,6741.5,3831,6,FALSE
2008,JACKKNIFE-FISH,Jacks,607,3516,10,FALSE
2008,"PARROTFISH, PRINCESS",Other Reef Fish,80,259,5,FALSE
2008,"PARROTFISH, STOPLIGHT",Other Reef Fish,6,16.5,3,FALSE
2008,"PORGY, JOLTHEAD",Porgies & Grunts,2569.15,1735.05,20,FALSE
2008,"PORGY, KNOBBED",Porgies & Grunts,2089.94,1770.3500000000001,11,FALSE
2008,"PORGY, RED",Porgies & Grunts,143144.13,156661.373,44,FALSE
2008,"PORGY, WHITEBONE",Porgies & Grunts,10612,14728.9,7,FALSE
2008,"SNAPPER, BLACK",Snappers & Groupers,358.53000000000003,671.2,4,FALSE
2008,"SNAPPER, BLACKFIN",Snappers & Groupers,3410.4900000000002,8068.65,9,FALSE
2008,"SNAPPER, CUBERA",Snappers & Groupers,621.53,1055.46,10,FALSE
2008,"SNAPPER, DOG",Snappers & Groupers,682.35,590.85,5,FALSE
2008,"SNAPPER, LANE",Snappers & Groupers,25348.88,53747.83,81,FALSE
2008,"SNAPPER, QUEEN",Snappers & Groupers,13478.470000000001,31141.91,26,FALSE
2008,"SNAPPER, SILK",Snappers & Groupers,18944.13,47985.05,28,FALSE
2008,"TILEFISH, BLUELINE",Other Reef Fish,165645.89,136312.87,36,FALSE
2008,"TILEFISH, GOLDEN",Other Reef Fish,327488.73,549175.14,30,FALSE
2008,"TILEFISH, GOLDFACE",Other Reef Fish,30660,48326.55,4,FALSE
2008,"TILEFISH, SAND",Other Reef Fish,157.7,103.4,9,FALSE
2008,"TUNA, SKIPJACK",Jacks,101.25,143.5,3,FALSE
2008,"WRASSE, CLOWN",Other Reef Fish,38,67.95,3,FALSE
2008,"WRASSE, YELLOWHEAD",Other Reef Fish,44,144.75,3,FALSE
2009,"AMBERJACK, LESSER",Jacks,46477.81,56625.58,19,FALSE
2009,GRAYSBY,Snappers & Groupers,627.0500000000001,1969.4,5,FALSE
2009,"GROUPER, BLACK",Snappers & Groupers,39699.76,125375.76,58,FALSE
2009,"GROUPER, MARBLED",Snappers & Groupers,5642.76,11538.15,5,FALSE
2009,"GROUPER, SNOWY",Snappers & Groupers,185889.35,436607.45,44,FALSE
2009,"GROUPER, WARSAW",Snappers & Groupers,118754.65,300525.09,40,FALSE
2009,"GROUPER, YELLOWFIN",Snappers & Groupers,1962.43,5121.47,10,FALSE
2009,"HIND, RED",Snappers & Groupers,1923.99,3694.1,25,FALSE
2009,"HIND, ROCK",Snappers & Groupers,472.73,890.7,16,FALSE
2009,"HIND, SPECKLED",Snappers & Groupers,68759.82,149405.75,32,FALSE
2009,"HOGFISH, SPANISH",Other Reef Fish,21,165.5,5,FALSE
2009,"JACK, ALMACO",Jacks,37732.36,38523.04,35,FALSE
2009,"JACK, BAR",Jacks,66865.21,57703.36,37,FALSE
2009,"JACK, CREVALLE",Jacks,333043.64,237640.79,52,FALSE
2009,"JACK, YELLOW",Jacks,6618.5,6180.85,5,FALSE
2009,JACKKNIFE-FISH,Jacks,360,2595.4,11,FALSE
2009,"PORGY, JOLTHEAD",Porgies & Grunts,4369.33,3313.82,23,FALSE
2009,"PORGY, KNOBBED",Porgies & Grunts,2045.1,2211.28,7,FALSE
2009,"PORGY, RED",Porgies & Grunts,244568.24,269478.52,45,FALSE
2009,"PORGY, WHITEBONE",Porgies & Grunts,14245.04,18751.75,5,FALSE
2009,"SNAPPER, BLACK",Snappers & Groupers,124.32000000000001,206.75,5,FALSE
2009,"SNAPPER, BLACKFIN",Snappers & Groupers,1739.38,3730.35,11,FALSE
2009,"SNAPPER, CUBERA",Snappers & Groupers,1522.06,2303.5,7,FALSE
2009,"SNAPPER, DOG",Snappers & Groupers,318.51,333.95,5,FALSE
2009,"SNAPPER, LANE",Snappers & Groupers,35902.75,79539.28,95,FALSE
2009,"SNAPPER, QUEEN",Snappers & Groupers,10382.1,24674.7,25,FALSE
2009,"SNAPPER, SILK",Snappers & Groupers,19181.2,47266.54,28,FALSE
2009,"TILEFISH, BLUELINE",Other Reef Fish,112558.99,88825.87,34,FALSE
2009,"TILEFISH, GOLDEN",Other Reef Fish,504392.88,755880.89,31,FALSE
2009,"TILEFISH, SAND",Other Reef Fish,67.54,56,8,FALSE
2009,"TUNA, SKIPJACK",Jacks,399.25,216.5,4,FALSE
2009,"WRASSE, CLOWN",Other Reef Fish,11,22.75,3,FALSE
2009,"WRASSE, YELLOWHEAD",Other Reef Fish,68,131,4,FALSE
2010,"AMBERJACK, LESSER",Jacks,26996.3,35391.700000000004,17,FALSE
2010,GRAYSBY,Snappers & Groupers,256.84000000000003,703.6518,4,FALSE
2010,"GROUPER, BLACK",Snappers & Groupers,24992.66,83257.5,46,FALSE
2010,"GROUPER, SNOWY",Snappers & Groupers,101940.89,266427.56,39,FALSE
2010,"GROUPER, WARSAW",Snappers & Groupers,64571.46,141730.6,34,FALSE
2010,"GROUPER, YELLOWFIN",Snappers & Groupers,1747.65,4359.3,11,FALSE
2010,"HIND, RED",Snappers & Groupers,1152.45,2643.66,22,FALSE
2010,"HIND, ROCK",Snappers & Groupers,227.95,636.58,15,FALSE
2010,"HIND, SPECKLED",Snappers & Groupers,18385.13,46498.57,33,FALSE
2010,"JACK, ALMACO",Jacks,27895.25,28302.89,21,FALSE
2010,"JACK, BAR",Jacks,37050.22,33599.49,31,FALSE
2010,"JACK, CREVALLE",Jacks,300112.03,207113.59,61,FALSE
2010,JACKKNIFE-FISH,Jacks,320,1844.5,6,FALSE
2010,"PORGY, JOLTHEAD",Porgies & Grunts,8081.99,4721.2,17,FALSE
2010,"PORGY, KNOBBED",Porgies & Grunts,1865.95,2136.13,7,FALSE
2010,"PORGY, RED",Porgies & Grunts,178858.36000000002,213490.1736,40,FALSE
2010,"PORGY, WHITEBONE",Porgies & Grunts,453.24,513,4,FALSE
2010,"SNAPPER, BLACK",Snappers & Groupers,3236.13,6810,3,FALSE
2010,"SNAPPER, BLACKFIN",Snappers & Groupers,2285.5,5256.58,7,FALSE
2010,"SNAPPER, CUBERA",Snappers & Groupers,1217.83,2123.77,14,FALSE
2010,"SNAPPER, DOG",Snappers & Groupers,559.67,867.25,5,FALSE
2010,"SNAPPER, LANE",Snappers & Groupers,17266.29,42559.0368,70,FALSE
2010,"SNAPPER, QUEEN",Snappers & Groupers,4037.94,8804,17,FALSE
2010,"SNAPPER, SILK",Snappers & Groupers,32637.62,89683.58,27,FALSE
2010,"TILEFISH, BLUELINE",Other Reef Fish,33069.57,39741.3,19,FALSE
2010,"TILEFISH, GOLDEN",Other Reef Fish,243130.95,493312.41000000003,26,FALSE
2011,"AMBERJACK, LESSER",Jacks,6414.25,7043.35,12,FALSE
2011,"GROUPER, BLACK",Snappers & Groupers,43443.23,153505.7,43,FALSE
2011,"GROUPER, MARBLED",Snappers & Groupers,1892.72,4927.05,4,FALSE
2011,"GROUPER, MISTY",Snappers & Groupers,515.52,474.1,4,FALSE
2011,"GROUPER, SNOWY",Snappers & Groupers,157238.96,459682.91000000003,38,FALSE
2011,"GROUPER, WARSAW",Snappers & Groupers,74056,171226.9004,40,FALSE
2011,"GROUPER, YELLOWFIN",Snappers & Groupers,1448.28,4330.9,7,FALSE
2011,"HIND, RED",Snappers & Groupers,2706.81,7978.91,21,FALSE
2011,"HIND, ROCK",Snappers & Groupers,333.83,834.8728,12,FALSE
2011,"HIND, SPECKLED",Snappers & Groupers,28920.07,78846.1276,33,FALSE
2011,"HOGFISH, SPANISH",Other Reef Fish,35,95.6,4,FALSE
2011,"JACK, ALMACO",Jacks,36343.04,37786.294,31,FALSE
2011,"JACK, BAR",Jacks,64343.67,61356.57,33,FALSE
2011,"JACK, CREVALLE",Jacks,55771.81,43309.04,51,FALSE
2011,"JACK, YELLOW",Jacks,532,527.5,4,FALSE
2011,JACKKNIFE-FISH,Jacks,633,3763.04,8,FALSE
2011,"PARROTFISH, PRINCESS",Other Reef Fish,30,159,4,FALSE
2011,"PORGY, JOLTHEAD",Porgies & Grunts,12290.26,7720.91,23,FALSE
2011,"PORGY, KNOBBED",Porgies & Grunts,7849.49,7053.34,12,FALSE
2011,"PORGY, LONGSPINE",Porgies & Grunts,376.29,515.75,4,FALSE
2011,"PORGY, RED",Porgies & Grunts,273650.5,327512.6696,45,FALSE
2011,"PORGY, WHITEBONE",Porgies & Grunts,1486,1428.5,4,FALSE
2011,"SNAPPER, BLACK",Snappers & Groupers,3404.79,8349.75,6,FALSE
2011,"SNAPPER, BLACKFIN",Snappers & Groupers,10241.77,29021.31,16,FALSE
2011,"SNAPPER, CUBERA",Snappers & Groupers,1499.01,2062.2088,16,FALSE
2011,"SNAPPER, DOG",Snappers & Groupers,691.24,862.71,8,FALSE
2011,"SNAPPER, LANE",Snappers & Groupers,14288.53,29627.0428,73,FALSE
2011,"SNAPPER, MAHOGANY",Snappers & Groupers,270.84000000000003,643.15,3,FALSE
2011,"SNAPPER, QUEEN",Snappers & Groupers,13981.87,36785.95,28,FALSE
2011,"SNAPPER, SILK",Snappers & Groupers,53220.55,169866.51,30,FALSE
2011,"TILEFISH, BLUELINE",Other Reef Fish,42475.52,45228,25,FALSE
2011,"TILEFISH, GOLDEN",Other Reef Fish,356837.08,773378.92,29,FALSE
2011,"TILEFISH, SAND",Other Reef Fish,255.68,451,6,FALSE
2011,"TRIGGERFISH, QUEEN",Other Reef Fish,32,128,3,FALSE
2011,"TUNA, SKIPJACK",Jacks,439.77,273,4,FALSE
2011,"WRASSE, CLOWN",Other Reef Fish,70,98.5,3,FALSE
2012,"AMBERJACK, LESSER",Jacks,5492,6013.8,10,FALSE
2012,GRAYSBY,Snappers & Groupers,14.62,35.15,5,FALSE
2012,"GROUPER, BLACK",Snappers & Groupers,51606.08,183304.61000000002,57,FALSE
2012,"GROUPER, MARBLED",Snappers & Groupers,1441.43,3888.75,5,FALSE
2012,"GROUPER, MISTY",Snappers & Groupers,188.8,488,6,FALSE
2012,"GROUPER, SNOWY",Snappers & Groupers,198951.96,584742.88,42,FALSE
2012,"GROUPER, WARSAW",Snappers & Groupers,105884.2,276918.82,42,FALSE
2012,"GROUPER, YELLOWFIN",Snappers & Groupers,1024.58,3212.05,8,FALSE
2012,"GROUPER, YELLOWMOUTH",Snappers & Groupers,202.09,729.84,4,FALSE
2012,"HIND, RED",Snappers & Groupers,806.5,2476.64,25,FALSE
2012,"HIND, ROCK",Snappers & Groupers,414.22,1177.32,25,FALSE
2012,"HIND, SPECKLED",Snappers & Groupers,50548.76,139441.73500000002,39,FALSE
2012,"HOGFISH, SPANISH",Other Reef Fish,43,295,3,FALSE
2012,"JACK, ALMACO",Jacks,47844.840000000004,57186.83,33,FALSE
2012,"JACK, BAR",Jacks,81906.32,78125.736,40,FALSE
2012,"JACK, CREVALLE",Jacks,104768.61,71569.85,58,FALSE
2012,"JACK, YELLOW",Jacks,15631.02,17288.24,9,FALSE
2012,JACKKNIFE-FISH,Jacks,809,3589.5,7,FALSE
2012,"PARROTFISH, BLUE",Other Reef Fish,11,333,3,FALSE
2012,"PARROTFISH, PRINCESS",Other Reef Fish,47,565,3,FALSE
2012,"PARROTFISH, RAINBOW",Other Reef Fish,12,348,3,FALSE
2012,"PARROTFISH, STOPLIGHT",Other Reef Fish,15,402.92,3,FALSE
2012,"PORGY, JOLTHEAD",Porgies & Grunts,13800.23,9600.93,31,FALSE
2012,"PORGY, KNOBBED",Porgies & Grunts,3822.14,3380.8,21,FALSE
2012,"PORGY, RED",Porgies & Grunts,389291.07,483458.574,63,FALSE
2012,"PORGY, WHITEBONE",Porgies & Grunts,984.16,1041,3,FALSE
2012,"SNAPPER, BLACK",Snappers & Groupers,6523.79,16679.5,6,FALSE
2012,"SNAPPER, BLACKFIN",Snappers & Groupers,4449.47,11829.6,20,FALSE
2012,"SNAPPER, CUBERA",Snappers & Groupers,1116.84,2716.23,14,FALSE
2012,"SNAPPER, DOG",Snappers & Groupers,481.68,648.63,8,FALSE
2012,"SNAPPER, LANE",Snappers & Groupers,29056.120000000003,59844.047,79,FALSE
2012,"SNAPPER, MAHOGANY",Snappers & Groupers,239.76000000000002,639.25,3,FALSE
2012,"SNAPPER, QUEEN",Snappers & Groupers,26502.15,68470.978,27,FALSE
2012,"SNAPPER, SILK",Snappers & Groupers,54359.63,159310.29,34,FALSE
2012,"TILEFISH, BLUELINE",Other Reef Fish,91098.48,107857.47,26,FALSE
2012,"TILEFISH, GOLDEN",Other Reef Fish,372592.97000000003,864873.49,30,FALSE
2012,"TILEFISH, SAND",Other Reef Fish,452.85,922.504,11,FALSE
2012,"TRIGGERFISH, QUEEN",Other Reef Fish,118.76,136.7,3,FALSE
2012,"WRASSE, CLOWN",Other Reef Fish,13,63.5,4,FALSE
2013,"AMBERJACK, LESSER",Jacks,20575.27,28231.13,19,FALSE
2013,GRAYSBY,Snappers & Groupers,34.14,92.1,4,FALSE
2013,"GROUPER, BLACK",Snappers & Groupers,61466.130000000005,236681.66,53,FALSE
2013,"GROUPER, SNOWY",Snappers & Groupers,128098.86,405927.19,44,FALSE
2013,"GROUPER, WARSAW",Snappers & Groupers,121811.67,361408.14,44,FALSE
2013,"GROUPER, YELLOWFIN",Snappers & Groupers,1370.79,4728.25,8,FALSE
2013,"GROUPER, YELLOWMOUTH",Snappers & Groupers,758.24,2597.8,5,FALSE
2013,"GRUNT, FRENCH",Porgies & Grunts,72,172,3,FALSE
2013,"HIND, RED",Snappers & Groupers,908.74,2220.42,20,FALSE
2013,"HIND, ROCK",Snappers & Groupers,342.53000000000003,936.38,16,FALSE
2013,"HIND, SPECKLED",Snappers & Groupers,40915.9,127070.784,46,FALSE
2013,"HOGFISH, SPANISH",Other Reef Fish,152,880,5,FALSE
2013,"JACK, ALMACO",Jacks,32410.4,43637.1,33,FALSE
2013,"JACK, BAR",Jacks,89356.5,102356.46,43,FALSE
2013,"JACK, CREVALLE",Jacks,238846.71,172143.51,66,FALSE
2013,"JACK, YELLOW",Jacks,16175.9,8737.75,14,FALSE
2013,JACKKNIFE-FISH,Jacks,707,4618.5,8,FALSE
2013,"PARROTFISH, BLUE",Other Reef Fish,13,163,5,FALSE
2013,"PARROTFISH, PRINCESS",Other Reef Fish,12,142.5,4,FALSE
2013,"PARROTFISH, REDBAND",Other Reef Fish,14,228,5,FALSE
2013,"PORGY, JOLTHEAD",Porgies & Grunts,13735.63,10867.49,33,FALSE
2013,"PORGY, KNOBBED",Porgies & Grunts,3104.4700000000003,2471.88,14,FALSE
2013,"PORGY, RED",Porgies & Grunts,249341.91,318288.078,57,FALSE
2013,"PORGY, WHITEBONE",Porgies & Grunts,1477,2071.5,4,FALSE
2013,"SNAPPER, BLACKFIN",Snappers & Groupers,4281.67,12241.7,13,FALSE
2013,"SNAPPER, CUBERA",Snappers & Groupers,963.34,1725.46,13,FALSE
2013,"SNAPPER, DOG",Snappers & Groupers,618.21,718.55,7,FALSE
2013,"SNAPPER, LANE",Snappers & Groupers,23340.06,57281.913,81,FALSE
2013,"SNAPPER, MAHOGANY",Snappers & Groupers,36.63,86.3,3,FALSE
2013,"SNAPPER, QUEEN",Snappers & Groupers,7130.62,21756.15,21,FALSE
2013,"SNAPPER, SILK",Snappers & Groupers,29971.78,79799.53,32,FALSE
2013,"TILEFISH, BLUELINE",Other Reef Fish,54990.47,77117.52,29,FALSE
2013,"TILEFISH, GOLDEN",Other Reef Fish,435393.43,1080079.74,32,FALSE
2013,"TILEFISH, GOLDFACE",Other Reef Fish,157.63,252.12,4,FALSE
2013,"TILEFISH, SAND",Other Reef Fish,276.25,329.08,9,FALSE
2013,"TRIGGERFISH, OCEAN",Other Reef Fish,85.72,181.38,3,FALSE
2013,"TRIGGERFISH, QUEEN",Other Reef Fish,105.36,157,3,FALSE
2013,"WRASSE, CLOWN",Other Reef Fish,27,95,5,FALSE
2013,"WRASSE, CREOLE",Other Reef Fish,15,32,3,FALSE
2014,"AMBERJACK, LESSER",Jacks,3942.61,4671.5,16,FALSE
2014,GRAYSBY,Snappers & Groupers,25.65,74.98,3,FALSE
2014,"GROUPER, BLACK",Snappers & Groupers,61043.55,249934.23,55,FALSE
2014,"GROUPER, MISTY",Snappers & Groupers,607.34,1903.3,4,FALSE
2014,"GROUPER, SNOWY",Snappers & Groupers,182365.41,605826.55,43,FALSE
2014,"GROUPER, WARSAW",Snappers & Groupers,89501.18000000001,280560.39,43,FALSE
2014,"GROUPER, YELLOWFIN",Snappers & Groupers,996.96,3973.5,10,FALSE
2014,"GROUPER, YELLOWMOUTH",Snappers & Groupers,1497.54,5104.3,5,FALSE
2014,"HIND, RED",Snappers & Groupers,7203.99,23245.39,24,FALSE
2014,"HIND, ROCK",Snappers & Groupers,447.38,1445.63,18,FALSE
2014,"HIND, SPECKLED",Snappers & Groupers,80790.93000000001,259260.995,42,FALSE
2014,"HOGFISH, SPANISH",Other Reef Fish,137,863,3,FALSE
2014,"JACK, ALMACO",Jacks,40044.36,54409.23,39,FALSE
2014,"JACK, BAR",Jacks,88685.62,106193.013,40,FALSE
2014,"JACK, CREVALLE",Jacks,344065.64,230557.21,75,FALSE
2014,"JACK, YELLOW",Jacks,71239.5,45245.88,14,FALSE
2014,JACKKNIFE-FISH,Jacks,783,4938.5,11,FALSE
2014,"PARROTFISH, BLUE",Other Reef Fish,37,1046,5,FALSE
2014,"PARROTFISH, REDBAND",Other Reef Fish,9,130.5,3,FALSE
2014,"PARROTFISH, STOPLIGHT",Other Reef Fish,21,496,5,FALSE
2014,"PARROTFISH, STRIPED",Other Reef Fish,6,63.5,3,FALSE
2014,"PORGY, JOLTHEAD",Porgies & Grunts,22819.73,25291.508,32,FALSE
2014,"PORGY, KNOBBED",Porgies & Grunts,10111.39,10741.74,19,FALSE
2014,"PORGY, RED",Porgies & Grunts,276452.03,352386.853,59,FALSE
2014,"PORGY, WHITEBONE",Porgies & Grunts,591.2,879.25,3,FALSE
2014,"SNAPPER, BLACK",Snappers & Groupers,276.39,559.75,3,FALSE
2014,"SNAPPER, BLACKFIN",Snappers & Groupers,10047.01,28161.33,15,FALSE
2014,"SNAPPER, CUBERA",Snappers & Groupers,1583.75,2706.1,18,FALSE
2014,"SNAPPER, DOG",Snappers & Groupers,414.7,625.7,8,FALSE
2014,"SNAPPER, LANE",Snappers & Groupers,30231.65,67939.8086,93,FALSE
2014,"SNAPPER, QUEEN",Snappers & Groupers,23990.88,78009.11,25,FALSE
2014,"SNAPPER, SILK",Snappers & Groupers,31024.52,95369.436,30,FALSE
2014,"TILEFISH, BLUELINE",Other Reef Fish,78866.78,96894.32,29,FALSE
2014,"TILEFISH, GOLDEN",Other Reef Fish,501917.94,1308607.24,28,FALSE
2014,"TILEFISH, SAND",Other Reef Fish,251.57000000000002,331.502,14,FALSE
2014,"TRIGGERFISH, OCEAN",Other Reef Fish,37.01,64.65,5,FALSE
2014,"TRIGGERFISH, QUEEN",Other Reef Fish,158.72,795.5,4,FALSE
2014,"WRASSE, CLOWN",Other Reef Fish,21,196,3,FALSE
2015,"AMBERJACK, LESSER",Jacks,4645.84,5091.18,15,FALSE
2015,GRAYSBY,Snappers & Groupers,63.42,130.99,5,FALSE
2015,"GROUPER, BLACK",Snappers & Groupers,54362.58,227402.2,59,FALSE
2015,"GROUPER, MARBLED",Snappers & Groupers,1025.42,2750.55,4,FALSE
2015,"GROUPER, SNOWY",Snappers & Groupers,123851.35,437717.69,41,FALSE
2015,"GROUPER, WARSAW",Snappers & Groupers,62956.200000000004,205659.38,38,FALSE
2015,"GROUPER, YELLOWFIN",Snappers & Groupers,1040.95,3770.4300000000003,9,FALSE
2015,"GROUPER, YELLOWMOUTH",Snappers & Groupers,1227.25,4264.05,6,FALSE
2015,"HIND, RED",Snappers & Groupers,598.75,1643.3,20,FALSE
2015,"HIND, ROCK",Snappers & Groupers,338.57,1041.71,14,FALSE
2015,"HIND, SPECKLED",Snappers & Groupers,62212.69,215475.11000000002,44,FALSE
2015,"HOGFISH, SPANISH",Other Reef Fish,31,700,3,FALSE
2015,"JACK, ALMACO",Jacks,17571.39,24980.035,40,FALSE
2015,"JACK, BAR",Jacks,77719.42,94839.90000000001,44,FALSE
2015,"JACK, CREVALLE",Jacks,405412.92,294994.25,61,FALSE
2015,"JACK, HORSE-EYE",Jacks,63.7,63.22,3,FALSE
2015,"JACK, YELLOW",Jacks,18599.32,14750.65,15,FALSE
2015,JACKKNIFE-FISH,Jacks,227,1775,8,FALSE
2015,"PARROTFISH, BLUE",Other Reef Fish,20,793,5,FALSE
2015,"PARROTFISH, PRINCESS",Other Reef Fish,14,94,4,FALSE
2015,"PARROTFISH, STOPLIGHT",Other Reef Fish,7,100,4,FALSE
2015,"PORGY, JOLTHEAD",Porgies & Grunts,18137.69,22972.005,37,FALSE
2015,"PORGY, KNOBBED",Porgies & Grunts,11270.48,7657.998,15,FALSE
2015,"PORGY, RED",Porgies & Grunts,214305.95,283439.325,64,FALSE
2015,"PORGY, WHITEBONE",Porgies & Grunts,4481,7487.7,3,FALSE
2015,"SNAPPER, BLACK",Snappers & Groupers,440.55,1427.75,4,FALSE
2015,"SNAPPER, BLACKFIN",Snappers & Groupers,6976.9000000000005,21476.3,11,FALSE
2015,"SNAPPER, CUBERA",Snappers & Groupers,1027.3,2597.28,12,FALSE
2015,"SNAPPER, DOG",Snappers & Groupers,413.79,844.51,12,FALSE
2015,"SNAPPER, LANE",Snappers & Groupers,45980.21,102591.446,91,FALSE
2015,"SNAPPER, MAHOGANY",Snappers & Groupers,314.91,1032.63,3,FALSE
2015,"SNAPPER, QUEEN",Snappers & Groupers,10377.03,33474.73,23,FALSE
2015,"SNAPPER, SILK",Snappers & Groupers,21666.670000000002,70797.67,39,FALSE
2015,"TILEFISH, BLUELINE",Other Reef Fish,56200.4,78155.46,26,FALSE
2015,"TILEFISH, GOLDEN",Other Reef Fish,536253.3,1491042.55,36,FALSE
2015,"TILEFISH, SAND",Other Reef Fish,425.82,668.4,8,FALSE
2015,"TRIGGERFISH, OCEAN",Other Reef Fish,76.73,111.64,4,FALSE
2015,"TRIGGERFISH, QUEEN",Other Reef Fish,98.68,279.5,3,FALSE
2015,"WRASSE, YELLOWHEAD",Other Reef Fish,5,28,3,FALSE
2016,"AMBERJACK, LESSER",Jacks,3027.19,3897.6,19,FALSE
2016,GRAYSBY,Snappers & Groupers,125.6,306,8,FALSE
2016,"GROUPER, BLACK",Snappers & Groupers,53786.020000000004,226443.85,51,FALSE
2016,"GROUPER, MARBLED",Snappers & Groupers,1542.26,4246.75,5,FALSE
2016,"GROUPER, MISTY",Snappers & Groupers,179.15,386.74,4,FALSE
2016,"GROUPER, SNOWY",Snappers & Groupers,111781.73,409507.92,43,FALSE
2016,"GROUPER, WARSAW",Snappers & Groupers,52616.33,168875.56,37,FALSE
2016,"GROUPER, YELLOWFIN",Snappers & Groupers,1674.22,5643.59,9,FALSE
2016,"GROUPER, YELLOWMOUTH",Snappers & Groupers,912.5600000000001,3754.91,5,FALSE
2016,"HIND, RED",Snappers & Groupers,679.96,2070.84,21,FALSE
2016,"HIND, ROCK",Snappers & Groupers,364.02,951.91,17,FALSE
2016,"HIND, SPECKLED",Snappers & Groupers,50332.62,169056.64,43,FALSE
2016,"JACK, ALMACO",Jacks,22198.93,32600.802,42,FALSE
2016,"JACK, BAR",Jacks,95132.59,109342.88,46,FALSE
2016,"JACK, CREVALLE",Jacks,434520.2,331078.27,59,FALSE
2016,"JACK, YELLOW",Jacks,1822.56,1972.55,16,FALSE
2016,JACKKNIFE-FISH,Jacks,478,3909.1000000000004,11,FALSE
2016,"PARROTFISH, BLUE",Other Reef Fish,19,329,4,FALSE
2016,"PARROTFISH, PRINCESS",Other Reef Fish,5,40,3,FALSE
2016,"PARROTFISH, RAINBOW",Other Reef Fish,12,277,3,FALSE
2016,"PARROTFISH, REDBAND",Other Reef Fish,38,102.5,3,FALSE
2016,"PORGY, JOLTHEAD",Porgies & Grunts,20975.77,25718.49,40,FALSE
2016,"PORGY, KNOBBED",Porgies & Grunts,9095.86,8725.37,18,FALSE
2016,"PORGY, RED",Porgies & Grunts,163207.12,217189.366,55,FALSE
2016,"PORGY, WHITEBONE",Porgies & Grunts,7759,13356.75,7,FALSE
2016,"SNAPPER, BLACK",Snappers & Groupers,2988.2200000000003,9166,4,FALSE
2016,"SNAPPER, BLACKFIN",Snappers & Groupers,4046.84,11502.2,13,FALSE
2016,"SNAPPER, CUBERA",Snappers & Groupers,1502.06,2988,19,FALSE
2016,"SNAPPER, DOG",Snappers & Groupers,597.87,693.73,7,FALSE
2016,"SNAPPER, LANE",Snappers & Groupers,34729.68,82369.78,95,FALSE
2016,"SNAPPER, QUEEN",Snappers & Groupers,23898.190000000002,81809.57,24,FALSE
2016,"SNAPPER, SILK",Snappers & Groupers,27733.12,87282.61,39,FALSE
2016,"TILEFISH, BLUELINE",Other Reef Fish,50893.75,81632.27,29,FALSE
2016,"TILEFISH, GOLDEN",Other Reef Fish,414608.4,1177723.21,28,FALSE
2016,"TILEFISH, GOLDFACE",Other Reef Fish,3914.4,9367.3,4,FALSE
2016,"TILEFISH, SAND",Other Reef Fish,113.01,205.46,5,FALSE
2016,"TRIGGERFISH, OCEAN",Other Reef Fish,37.36,55.15,4,FALSE
2016,"TRIGGERFISH, QUEEN",Other Reef Fish,93.16,322.9,6,FALSE
2017,"AMBERJACK, LESSER",Jacks,2376.57,3525,16,FALSE
2017,GRAYSBY,Snappers & Groupers,284.37,968.5,8,FALSE
2017,"GROUPER, BLACK",Snappers & Groupers,46753.090000000004,204930.38,44,FALSE
2017,"GROUPER, MARBLED",Snappers & Groupers,726.88,2103.5,5,FALSE
2017,"GROUPER, MISTY",Snappers & Groupers,1861.06,779.6,4,FALSE
2017,"GROUPER, SNOWY",Snappers & Groupers,101017.69,386665.96,41,FALSE
2017,"GROUPER, WARSAW",Snappers & Groupers,51806.63,176052.43,40,FALSE
2017,"GROUPER, YELLOWFIN",Snappers & Groupers,213.5,720.1,6,FALSE
2017,"GROUPER, YELLOWMOUTH",Snappers & Groupers,450.29,1549.6,3,FALSE
2017,"HIND, RED",Snappers & Groupers,493.09,1343.59,27,FALSE
2017,"HIND, ROCK",Snappers & Groupers,584.1,1964.8,18,FALSE
2017,"HIND, SPECKLED",Snappers & Groupers,60986.31,213510.432,46,FALSE
2017,"JACK, ALMACO",Jacks,18991.59,28913.64,42,FALSE
2017,"JACK, BAR",Jacks,63141.06,68602.53,37,FALSE
2017,"JACK, CREVALLE",Jacks,445367.61,351908.06,67,FALSE
2017,"JACK, YELLOW",Jacks,5441.8,7388.76,17,FALSE
2017,JACKKNIFE-FISH,Jacks,190,1734.4,10,FALSE
2017,"PARROTFISH, PRINCESS",Other Reef Fish,77,93,3,FALSE
2017,"PARROTFISH, STRIPED",Other Reef Fish,17,58,3,FALSE
2017,"PORGY, JOLTHEAD",Porgies & Grunts,31305.66,47975.6,39,FALSE
2017,"PORGY, KNOBBED",Porgies & Grunts,11349.710000000001,13763.43,22,FALSE
2017,"PORGY, RED",Porgies & Grunts,119764.76,156704.73,51,FALSE
2017,"PORGY, WHITEBONE",Porgies & Grunts,3927.36,7347.75,5,FALSE
2017,"SNAPPER, BLACK",Snappers & Groupers,8178.08,27949.64,7,FALSE
2017,"SNAPPER, BLACKFIN",Snappers & Groupers,4798.65,13224.35,15,FALSE
2017,"SNAPPER, CUBERA",Snappers & Groupers,1969.45,3585.43,14,FALSE
2017,"SNAPPER, DOG",Snappers & Groupers,460.45,522.1,11,FALSE
2017,"SNAPPER, LANE",Snappers & Groupers,42615.32,107573.23,101,FALSE
2017,"SNAPPER, QUEEN",Snappers & Groupers,4282.96,15612.45,20,FALSE
2017,"SNAPPER, SILK",Snappers & Groupers,20547.170000000002,64997.61,35,FALSE
2017,"TILEFISH, BLUELINE",Other Reef Fish,72302.21,116156.79,28,FALSE
2017,"TILEFISH, GOLDEN",Other Reef Fish,472422.3,1362330.35,29,FALSE
2017,"TILEFISH, GOLDFACE",Other Reef Fish,1472.8,3147.77,3,FALSE
2017,"TILEFISH, SAND",Other Reef Fish,152.54000000000002,212.4,11,FALSE
2017,"TRIGGERFISH, OCEAN",Other Reef Fish,169.82,296.85,8,FALSE
2017,"TRIGGERFISH, QUEEN",Other Reef Fish,46.76,91.9,3,FALSE
2017,"TUNA, SKIPJACK",Jacks,691.73,573.59,4,FALSE
2017,"WRASSE, YELLOWHEAD",Other Reef Fish,14,40.9,3,FALSE
2018,"AMBERJACK, LESSER",Jacks,2618.32,3939.34,13,FALSE
2018,GRAYSBY,Snappers & Groupers,55.04,119.47,9,FALSE
2018,"GROUPER, BLACK",Snappers & Groupers,39858.87,187038.31,47,FALSE
2018,"GROUPER, MARBLED",Snappers & Groupers,698.5600000000001,2022,3,FALSE
2018,"GROUPER, MISTY",Snappers & Groupers,567.22,440.7,5,FALSE
2018,"GROUPER, SNOWY",Snappers & Groupers,104156.49,432214.02,47,FALSE
2018,"GROUPER, WARSAW",Snappers & Groupers,40968.13,146941.47,41,FALSE
2018,"GROUPER, YELLOWFIN",Snappers & Groupers,609.82,1989.3,7,FALSE
2018,"GROUPER, YELLOWMOUTH",Snappers & Groupers,276,896.93,4,FALSE
2018,"GRUNT, FRENCH",Porgies & Grunts,98,437,3,FALSE
2018,"HIND, RED",Snappers & Groupers,951.69,3824.93,14,FALSE
2018,"HIND, ROCK",Snappers & Groupers,307.03,758.32,20,FALSE
2018,"HIND, SPECKLED",Snappers & Groupers,71526.18000000001,296042.69,37,FALSE
2018,"HOGFISH, SPANISH",Other Reef Fish,18,95.75,3,FALSE
2018,"JACK, ALMACO",Jacks,20080.14,30096.02,46,FALSE
2018,"JACK, BAR",Jacks,59101.27,68931.817,38,FALSE
2018,"JACK, CREVALLE",Jacks,289950.26,233866.19,58,FALSE
2018,"JACK, YELLOW",Jacks,2600.6,2922.65,13,FALSE
2018,JACKKNIFE-FISH,Jacks,124,946,6,FALSE
2018,"PARROTFISH, REDBAND",Other Reef Fish,10,20.5,4,FALSE
2018,"PARROTFISH, STOPLIGHT",Other Reef Fish,6,18,4,FALSE
2018,"PARROTFISH, STRIPED",Other Reef Fish,33,47.5,3,FALSE
2018,"PORGY, JOLTHEAD",Porgies & Grunts,16760.63,27296.02,47,FALSE
2018,"PORGY, KNOBBED",Porgies & Grunts,9289.22,10156.66,25,FALSE
2018,"PORGY, RED",Porgies & Grunts,140760.09,203108.85,65,FALSE
2018,"PORGY, WHITEBONE",Porgies & Grunts,3198.28,6839.44,7,FALSE
2018,"SNAPPER, BLACK",Snappers & Groupers,2725.05,8570.53,4,FALSE
2018,"SNAPPER, BLACKFIN",Snappers & Groupers,7924.54,25838.1,19,FALSE
2018,"SNAPPER, CUBERA",Snappers & Groupers,1355.32,2756.008,19,FALSE
2018,"SNAPPER, DOG",Snappers & Groupers,1096.68,1278.04,10,FALSE
2018,"SNAPPER, LANE",Snappers & Groupers,26435.36,72099.08,97,FALSE
2018,"SNAPPER, MAHOGANY",Snappers & Groupers,89.91,162.75,3,FALSE
2018,"SNAPPER, QUEEN",Snappers & Groupers,6459.71,24307.75,25,FALSE
2018,"SNAPPER, SILK",Snappers & Groupers,42858.020000000004,154094.38,40,FALSE
2018,"TILEFISH, BLUELINE",Other Reef Fish,75905.22,129254.26,38,FALSE
2018,"TILEFISH, GOLDEN",Other Reef Fish,324393.37,878758.9400000001,29,FALSE
2018,"TILEFISH, GOLDFACE",Other Reef Fish,962.08,1822.2,3,FALSE
2018,"TILEFISH, SAND",Other Reef Fish,172.48000000000002,252.79,5,FALSE
2018,"TRIGGERFISH, OCEAN",Other Reef Fish,407.5,1080.9,7,FALSE
2018,"TRIGGERFISH, QUEEN",Other Reef Fish,64.91,436.25,6,FALSE
2018,"TUNA, SKIPJACK",Jacks,1060.63,1500,4,FALSE
2019,"AMBERJACK, LESSER",Jacks,1945.41,3514.2000000000003,14,FALSE
2019,GRAYSBY,Snappers & Groupers,59.19,195.29,9,FALSE
2019,"GROUPER, BLACK",Snappers & Groupers,32449.83,154229.79,53,FALSE
2019,"GROUPER, MARBLED",Snappers & Groupers,532.38,1566,6,FALSE
2019,"GROUPER, MISTY",Snappers & Groupers,1544.59,455,6,FALSE
2019,"GROUPER, SNOWY",Snappers & Groupers,110670.99,497177.5,53,FALSE
2019,"GROUPER, WARSAW",Snappers & Groupers,39888.58,153891.23,36,FALSE
2019,"GROUPER, YELLOWFIN",Snappers & Groupers,1102.12,4184.75,5,FALSE
2019,"GROUPER, YELLOWMOUTH",Snappers & Groupers,218,847.15,7,FALSE
2019,"HIND, RED",Snappers & Groupers,9742.75,42595.04,26,FALSE
2019,"HIND, ROCK",Snappers & Groupers,311.94,1046.16,20,FALSE
2019,"HIND, SPECKLED",Snappers & Groupers,77011.1,338830.11,42,FALSE
2019,"HOGFISH, SPANISH",Other Reef Fish,8,46.75,3,FALSE
2019,"JACK, ALMACO",Jacks,29186.06,50417.7668,61,FALSE
2019,"JACK, BAR",Jacks,172185.91,164536.76,44,FALSE
2019,"JACK, BLACK",Jacks,52.760000000000005,88.1,3,FALSE
2019,"JACK, CREVALLE",Jacks,314054.52,260874.02000000002,66,FALSE
2019,"JACK, HORSE-EYE",Jacks,196,69.1,4,FALSE
2019,"JACK, YELLOW",Jacks,3752.2,4406.91,13,FALSE
2019,JACKKNIFE-FISH,Jacks,177,1623,6,FALSE
2019,"PORGY, JOLTHEAD",Porgies & Grunts,12924.66,26428.483,40,FALSE
2019,"PORGY, KNOBBED",Porgies & Grunts,1950.77,2740.601,25,FALSE
2019,"PORGY, RED",Porgies & Grunts,142342.07,215243.212,74,FALSE
2019,"PORGY, WHITEBONE",Porgies & Grunts,1315.32,3098.1,8,FALSE
2019,"SNAPPER, BLACK",Snappers & Groupers,368.52000000000004,953.25,4,FALSE
2019,"SNAPPER, BLACKFIN",Snappers & Groupers,4849.68,14196.55,24,FALSE
2019,"SNAPPER, CUBERA",Snappers & Groupers,1647.78,4299.71,19,FALSE
2019,"SNAPPER, DOG",Snappers & Groupers,230.1,575.3,8,FALSE
2019,"SNAPPER, LANE",Snappers & Groupers,24299.99,64468.7331,96,FALSE
2019,"SNAPPER, MAHOGANY",Snappers & Groupers,25.53,78.5,3,FALSE
2019,"SNAPPER, QUEEN",Snappers & Groupers,16439.170000000002,65320.33,26,FALSE
2019,"SNAPPER, SILK",Snappers & Groupers,31992.5,113245.83,48,FALSE
2019,"TILEFISH, BLUELINE",Other Reef Fish,145143.63,265613.33,40,FALSE
2019,"TILEFISH, GOLDEN",Other Reef Fish,329892.37,975055.64,32,FALSE
2019,"TILEFISH, GOLDFACE",Other Reef Fish,275.84,780.75,6,FALSE
2019,"TILEFISH, SAND",Other Reef Fish,128.24,177.13,11,FALSE
2019,"TRIGGERFISH, OCEAN",Other Reef Fish,82.08,141.7,4,FALSE
2019,"TRIGGERFISH, QUEEN",Other Reef Fish,43.68,88.25,3,FALSE
2020,"AMBERJACK, LESSER",Jacks,2306.4,4906.2,17,FALSE
2020,GRAYSBY,Snappers & Groupers,71.9,224.69,11,FALSE
2020,"GROUPER, BLACK",Snappers & Groupers,27760.49,150411.23,45,FALSE
2020,"GROUPER, MARBLED",Snappers & Groupers,578.2,1754.25,5,FALSE
2020,"GROUPER, MISTY",Snappers & Groupers,102.07000000000001,456.43,4,FALSE
2020,"GROUPER, SNOWY",Snappers & Groupers,105746.89,499829.59,38,FALSE
2020,"GROUPER, WARSAW",Snappers & Groupers,26527.93,93046.988,36,FALSE
2020,"GROUPER, YELLOWFIN",Snappers & Groupers,339.84000000000003,1284.5,5,FALSE
2020,"GROUPER, YELLOWMOUTH",Snappers & Groupers,206.27,826.7,4,FALSE
2020,"GRUNT, WHITE",Porgies & Grunts,830.3100000000001,2550.39,7,FALSE
2020,"HIND, RED",Snappers & Groupers,410.86,1240.09,24,FALSE
2020,"HIND, ROCK",Snappers & Groupers,408.27,1331.838,22,FALSE
2020,"HIND, SPECKLED",Snappers & Groupers,42876.770000000004,183555.33000000002,37,FALSE
2020,"HOGFISH, SPANISH",Other Reef Fish,26,194.55,3,FALSE
2020,"JACK, ALMACO",Jacks,35243.63,58140.72,53,FALSE
2020,"JACK, BAR",Jacks,53112.06,65440.83,42,FALSE
2020,"JACK, CREVALLE",Jacks,340279.53,262384.98,61,FALSE
2020,"JACK, HORSE-EYE",Jacks,101.94,156.58,6,FALSE
2020,"JACK, YELLOW",Jacks,2012.6000000000001,3479.15,10,FALSE
2020,JACKKNIFE-FISH,Jacks,196,1601.5,7,FALSE
2020,"PARROTFISH, PRINCESS",Other Reef Fish,21,145.5,3,FALSE
2020,"PARROTFISH, RAINBOW",Other Reef Fish,28,271.5,3,FALSE
2020,"PARROTFISH, REDBAND",Other Reef Fish,26,136.5,3,FALSE
2020,"PORGY, JOLTHEAD",Porgies & Grunts,12394.76,24875.8844,38,FALSE
2020,"PORGY, KNOBBED",Porgies & Grunts,2585.51,4629.75,21,FALSE
2020,"PORGY, RED",Porgies & Grunts,124485.02,188326.043,72,FALSE
2020,"PORGY, WHITEBONE",Porgies & Grunts,2768,4071.5,3,FALSE
2020,"SNAPPER, BLACK",Snappers & Groupers,1015.19,3211.88,5,FALSE
2020,"SNAPPER, BLACKFIN",Snappers & Groupers,7316.43,25259.58,15,FALSE
2020,"SNAPPER, CUBERA",Snappers & Groupers,1817.94,5964.4,18,FALSE
2020,"SNAPPER, DOG",Snappers & Groupers,177.44,463.01,9,FALSE
2020,"SNAPPER, LANE",Snappers & Groupers,23243.99,62252.33,91,FALSE
2020,"SNAPPER, MAHOGANY",Snappers & Groupers,160.18,340.2,4,FALSE
2020,"SNAPPER, QUEEN",Snappers & Groupers,20767.28,80841.7,25,FALSE
2020,"SNAPPER, SILK",Snappers & Groupers,30736.920000000002,123189.956,40,FALSE
2020,"TILEFISH, BLACKLINE",Other Reef Fish,113.12,201,4,FALSE
2020,"TILEFISH, BLUELINE",Other Reef Fish,102352.46,190137.9068,31,FALSE
2020,"TILEFISH, GOLDEN",Other Reef Fish,275902.93,797793.82,30,FALSE
2020,"TILEFISH, GOLDFACE",Other Reef Fish,71.79,127.202,4,FALSE
2020,"TILEFISH, SAND",Other Reef Fish,161.05,240.786,7,FALSE
2020,"TUNA, SKIPJACK",Jacks,172.53,108.5,4,FALSE
2020,"WRASSE, CLOWN",Other Reef Fish,54,153.2,3,FALSE
2021,"AMBERJACK, LESSER",Jacks,1628.47,3257.7,13,FALSE
2021,GRAYSBY,Snappers & Groupers,52.59,193.1925,10,FALSE
2021,"GROUPER, BLACK",Snappers & Groupers,27430.350000000002,157149.654,41,FALSE
2021,"GROUPER, CONEY",Snappers & Groupers,11.18,34.980000000000004,4,FALSE
2021,"GROUPER, MARBLED",Snappers & Groupers,200.60000000000002,696.65,4,FALSE
2021,"GROUPER, MISTY",Snappers & Groupers,117.88,567.28,4,FALSE
2021,"GROUPER, SNOWY",Snappers & Groupers,98059.53,501445.01,36,FALSE
2021,"GROUPER, WARSAW",Snappers & Groupers,20461.13,75986.12,35,FALSE
2021,"GROUPER, YELLOWFIN",Snappers & Groupers,239.54000000000002,1167.35,4,FALSE
2021,"GROUPER, YELLOWMOUTH",Snappers & Groupers,215.94,788.25,7,FALSE
2021,"GRUNT, WHITE",Porgies & Grunts,12808.1,19616.948,16,FALSE
2021,"HIND, RED",Snappers & Groupers,483.1,1884.205,22,FALSE
2021,"HIND, ROCK",Snappers & Groupers,399.45,1214.31,17,FALSE
2021,"HIND, SPECKLED",Snappers & Groupers,49281.78,223950.3855,37,FALSE
2021,"HOGFISH, SPANISH",Other Reef Fish,22,201.6,5,FALSE
2021,"JACK, ALMACO",Jacks,36612.700000000004,65482.035,52,FALSE
2021,"JACK, BAR",Jacks,41119.6,53530.93,37,FALSE
2021,"JACK, CREVALLE",Jacks,373125.07,321957.87,55,FALSE
2021,"JACK, HORSE-EYE",Jacks,98.24000000000001,29.38,3,FALSE
2021,"JACK, YELLOW",Jacks,1965.7,3907.77,8,FALSE
2021,JACKKNIFE-FISH,Jacks,151,1954,7,FALSE
2021,"PARROTFISH, PRINCESS",Other Reef Fish,29,177.5,3,FALSE
2021,"PARROTFISH, RAINBOW",Other Reef Fish,26,443,4,FALSE
2021,"PARROTFISH, REDBAND",Other Reef Fish,7,23,3,FALSE
2021,"PARROTFISH, STOPLIGHT",Other Reef Fish,3,54.75,3,FALSE
2021,"PORGY, JOLTHEAD",Porgies & Grunts,17073.05,32968.915,39,FALSE
2021,"PORGY, KNOBBED",Porgies & Grunts,2246.51,3405.08,20,FALSE
2021,"PORGY, RED",Porgies & Grunts,130115.65000000001,213107.198,59,FALSE
2021,"PORGY, WHITEBONE",Porgies & Grunts,963.2,2563.75,3,FALSE
2021,"SNAPPER, BLACK",Snappers & Groupers,150.91,249.75,4,FALSE
2021,"SNAPPER, BLACKFIN",Snappers & Groupers,5777.57,22811.83,17,FALSE
2021,"SNAPPER, CUBERA",Snappers & Groupers,1253.53,4532.55,12,FALSE
2021,"SNAPPER, DOG",Snappers & Groupers,346.44,753.23,10,FALSE
2021,"SNAPPER, LANE",Snappers & Groupers,21905.53,60759.2176,82,FALSE
2021,"SNAPPER, MAHOGANY",Snappers & Groupers,53.84,125.75,5,FALSE
2021,"SNAPPER, QUEEN",Snappers & Groupers,10486.51,44249.43,20,FALSE
2021,"SNAPPER, SILK",Snappers & Groupers,34970.68,150154.86000000002,29,FALSE
2021,"TILEFISH, BLUELINE",Other Reef Fish,128118.69,285378.65,28,FALSE
2021,"TILEFISH, GOLDEN",Other Reef Fish,387549.66000000003,1214030,23,FALSE
2021,"TILEFISH, GOLDFACE",Other Reef Fish,220.53,575.7,7,FALSE
2021,"TILEFISH, SAND",Other Reef Fish,222.32,271.23,7,FALSE
2021,"TRIGGERFISH, OCEAN",Other Reef Fish,202.59,436.08,4,FALSE
2022,"AMBERJACK, LESSER",Jacks,1357.15,2445.88,17,FALSE
2022,GRAYSBY,Snappers & Groupers,36.04,74.08840000000001,8,FALSE
2022,"GROUPER, BLACK",Snappers & Groupers,26553.36,174004.82,38,FALSE
2022,"GROUPER, MARBLED",Snappers & Groupers,275.68,1461.95,5,FALSE
2022,"GROUPER, MISTY",Snappers & Groupers,6391.1,1624.43,4,FALSE
2022,"GROUPER, SNOWY",Snappers & Groupers,78279.62,466417.5,35,FALSE
2022,"GROUPER, WARSAW",Snappers & Groupers,17857.18,75023.97,32,FALSE
2022,"GROUPER, YELLOWFIN",Snappers & Groupers,4601.42,25809.9,6,FALSE
2022,"GROUPER, YELLOWMOUTH",Snappers & Groupers,356.95,1417.43,8,FALSE
2022,"GRUNT, WHITE",Porgies & Grunts,1129.95,1567,11,FALSE
2022,"HIND, RED",Snappers & Groupers,630.76,3071.03,18,FALSE
2022,"HIND, ROCK",Snappers & Groupers,339.82,1117.953,17,FALSE
2022,"HIND, SPECKLED",Snappers & Groupers,33043.14,172505.64,32,FALSE
2022,"HOGFISH, SPANISH",Other Reef Fish,25,243.20000000000002,4,FALSE
2022,"JACK, ALMACO",Jacks,40672.58,76428.93000000001,46,FALSE
2022,"JACK, BAR",Jacks,41357.13,56248.92,42,FALSE
2022,"JACK, CREVALLE",Jacks,253062.36,239535.4,51,FALSE
2022,"JACK, HORSE-EYE",Jacks,471.78,371.34,6,FALSE
2022,"JACK, YELLOW",Jacks,2525,5019.34,12,FALSE
2022,JACKKNIFE-FISH,Jacks,75,912.2,4,FALSE
2022,"PARROTFISH, BLUE",Other Reef Fish,23,624,3,FALSE
2022,"PARROTFISH, PRINCESS",Other Reef Fish,13,285.75,4,FALSE
2022,"PARROTFISH, STOPLIGHT",Other Reef Fish,15,438.5,3,FALSE
2022,"PORGY, JOLTHEAD",Porgies & Grunts,24646.82,42256.6,32,FALSE
2022,"PORGY, KNOBBED",Porgies & Grunts,1641.52,2564.1354,20,FALSE
2022,"PORGY, RED",Porgies & Grunts,120400.67,228278.3852,55,FALSE
2022,"PORGY, WHITEBONE",Porgies & Grunts,1453,5470.1,3,FALSE
2022,"SNAPPER, BLACKFIN",Snappers & Groupers,5318.81,24075.308,23,FALSE
2022,"SNAPPER, CUBERA",Snappers & Groupers,1194.6200000000001,3978.9662,13,FALSE
2022,"SNAPPER, DOG",Snappers & Groupers,328.3,982.1,8,FALSE
2022,"SNAPPER, LANE",Snappers & Groupers,15825.050000000001,52255.1227,71,FALSE
2022,"SNAPPER, QUEEN",Snappers & Groupers,11225.4,50306.75,22,FALSE
2022,"SNAPPER, SILK",Snappers & Groupers,37951.64,183393.4628,34,FALSE
2022,"TILEFISH, BLUELINE",Other Reef Fish,83349.15,216702.44,33,FALSE
2022,"TILEFISH, GOLDEN",Other Reef Fish,332104.41000000003,1174423.66,24,FALSE
2022,"TILEFISH, SAND",Other Reef Fish,620.48,685.73,6,FALSE
2022,"TRIGGERFISH, QUEEN",Other Reef Fish,47.08,363,5,FALSE
2022,"TUNA, SKIPJACK",Jacks,76.57,59.8,3,FALSE
2022,"WRASSE, CLOWN",Other Reef Fish,22,135,3,FALSE
2023,"AMBERJACK, LESSER",Jacks,585.37,1496.82,11,FALSE
2023,GRAYSBY,Snappers & Groupers,51.12,200.2244,5,FALSE
2023,"GROUPER, BLACK",Snappers & Groupers,40490.11,286178.152,36,FALSE
2023,"GROUPER, MARBLED",Snappers & Groupers,370.52,2095.5,4,FALSE
2023,"GROUPER, SNOWY",Snappers & Groupers,69436.37,426405.84,36,FALSE
2023,"GROUPER, WARSAW",Snappers & Groupers,13561.39,59271.6,22,FALSE
2023,"GROUPER, YELLOWFIN",Snappers & Groupers,93.81,597.48,3,FALSE
2023,"GROUPER, YELLOWMOUTH",Snappers & Groupers,364.62,2056.5,4,FALSE
2023,"GRUNT, WHITE",Porgies & Grunts,2058.2,4506.65,16,FALSE
2023,"HIND, RED",Snappers & Groupers,2332.4500000000003,12339.65,13,FALSE
2023,"HIND, ROCK",Snappers & Groupers,742.9900000000001,3487.2269,16,FALSE
2023,"HIND, SPECKLED",Snappers & Groupers,39891.14,216261.08,27,FALSE
2023,"HOGFISH, SPANISH",Other Reef Fish,16,321,3,FALSE
2023,"JACK, ALMACO",Jacks,28462.96,58068.33,55,FALSE
2023,"JACK, BAR",Jacks,51734.77,65524.07,32,FALSE
2023,"JACK, CREVALLE",Jacks,144775.7,145290.45,53,FALSE
2023,"JACK, YELLOW",Jacks,2645.89,7931.47,18,FALSE
2023,JACKKNIFE-FISH,Jacks,37,524,6,FALSE
2023,"PARROTFISH, BLUE",Other Reef Fish,27,936,5,FALSE
2023,"PARROTFISH, PRINCESS",Other Reef Fish,12,224.5,4,FALSE
2023,"PARROTFISH, RAINBOW",Other Reef Fish,49,2327,5,FALSE
2023,"PORGY, JOLTHEAD",Porgies & Grunts,34343.74,50776.5903,29,FALSE
2023,"PORGY, KNOBBED",Porgies & Grunts,1272.71,2140.2456,19,FALSE
2023,"PORGY, RED",Porgies & Grunts,130175.78,258675.819,53,FALSE
2023,"PORGY, WHITEBONE",Porgies & Grunts,704.24,2180,3,FALSE
2023,"SNAPPER, BLACKFIN",Snappers & Groupers,9153.12,42565.69,17,FALSE
2023,"SNAPPER, CUBERA",Snappers & Groupers,1521.29,5070.78,18,FALSE
2023,"SNAPPER, DOG",Snappers & Groupers,448.36,1418.97,13,FALSE
2023,"SNAPPER, LANE",Snappers & Groupers,27010.99,93427.092,82,FALSE
2023,"SNAPPER, MAHOGANY",Snappers & Groupers,309.69,1224,5,FALSE
2023,"SNAPPER, QUEEN",Snappers & Groupers,16630.94,85244.3452,24,FALSE
2023,"SNAPPER, SILK",Snappers & Groupers,46614.880000000005,237471.4,33,FALSE
2023,"TILEFISH, BLUELINE",Other Reef Fish,83110.17,231434.35,26,FALSE
2023,"TILEFISH, GOLDEN",Other Reef Fish,253720.98,968092.06,21,FALSE
2023,"TILEFISH, GOLDFACE",Other Reef Fish,66.08,202,3,FALSE
2023,"TILEFISH, SAND",Other Reef Fish,650.62,650.4868,12,FALSE
2023,"TRIGGERFISH, OCEAN",Other Reef Fish,173.9,533.1,7,FALSE
2023,"WRASSE, CLOWN",Other Reef Fish,47,389.5,3,FALSE
2024,"AMBERJACK, LESSER",Jacks,535.97,1157.96,8,FALSE
2024,GRAYSBY,Snappers & Groupers,36.64,171.8,7,FALSE
2024,"GROUPER, BLACK",Snappers & Groupers,23594.72,165741.038,37,FALSE
2024,"GROUPER, SNOWY",Snappers & Groupers,75246.09,460676.55,35,FALSE
2024,"GROUPER, WARSAW",Snappers & Groupers,12423.58,58351.35,26,FALSE
2024,"GROUPER, YELLOWMOUTH",Snappers & Groupers,224.18,1410.38,5,FALSE
2024,"GRUNT, FRENCH",Porgies & Grunts,140,1336.6,3,FALSE
2024,"GRUNT, WHITE",Porgies & Grunts,2011.85,5688.68,15,FALSE
2024,"HIND, RED",Snappers & Groupers,2030.81,11822.11,19,FALSE
2024,"HIND, ROCK",Snappers & Groupers,239.88,977.9,17,FALSE
2024,"HIND, SPECKLED",Snappers & Groupers,35824,205978.9,24,FALSE
2024,"HOGFISH, SPANISH",Other Reef Fish,37,749,7,FALSE
2024,"JACK, ALMACO",Jacks,27451.63,55566.3535,46,FALSE
2024,"JACK, BAR",Jacks,20196.92,27088.19,22,FALSE
2024,"JACK, CREVALLE",Jacks,60403.51,57920.83,48,FALSE
2024,"JACK, YELLOW",Jacks,1233.34,3617.48,17,FALSE
2024,JACKKNIFE-FISH,Jacks,60,809.6,3,FALSE
2024,"PARROTFISH, BLUE",Other Reef Fish,28,811.5,4,FALSE
2024,"PARROTFISH, MIDNIGHT",Other Reef Fish,17,573,4,FALSE
2024,"PARROTFISH, PRINCESS",Other Reef Fish,37,997.5,4,FALSE
2024,"PARROTFISH, RAINBOW",Other Reef Fish,17,1566,3,FALSE
2024,"PARROTFISH, REDBAND",Other Reef Fish,83,1209.8,5,FALSE
2024,"PARROTFISH, STOPLIGHT",Other Reef Fish,76,1361.5,3,FALSE
2024,"PARROTFISH, STRIPED",Other Reef Fish,14,67,3,FALSE
2024,"PORGY, JOLTHEAD",Porgies & Grunts,26803.24,42573.085,33,FALSE
2024,"PORGY, KNOBBED",Porgies & Grunts,3239.62,6351.6562,21,FALSE
2024,"PORGY, RED",Porgies & Grunts,101564.36,202618.385,51,FALSE
2024,"PORGY, WHITEBONE",Porgies & Grunts,89.6,173,5,FALSE
2024,"SNAPPER, BLACK",Snappers & Groupers,4534.35,17722,3,FALSE
2024,"SNAPPER, BLACKFIN",Snappers & Groupers,4549.79,22945.43,18,FALSE
2024,"SNAPPER, CUBERA",Snappers & Groupers,2091.53,7366.03,19,FALSE
2024,"SNAPPER, DOG",Snappers & Groupers,458.45,1875.81,11,FALSE
2024,"SNAPPER, LANE",Snappers & Groupers,29342.36,110166.4052,74,FALSE
2024,"SNAPPER, QUEEN",Snappers & Groupers,8361.28,43340.89,18,FALSE
2024,"SNAPPER, SILK",Snappers & Groupers,38046.8,188670.4453,35,FALSE
2024,"TILEFISH, BLACKLINE",Other Reef Fish,17.14,56.84,4,FALSE
2024,"TILEFISH, BLUELINE",Other Reef Fish,55863.04,166887.6,29,FALSE
2024,"TILEFISH, GOLDEN",Other Reef Fish,227031.46,877707.07,21,FALSE
2024,"TILEFISH, GOLDFACE",Other Reef Fish,108.31,284.4,5,FALSE
2024,"TILEFISH, SAND",Other Reef Fish,888.6700000000001,1253.71,12,FALSE
2024,"TRIGGERFISH, OCEAN",Other Reef Fish,293.89,661.75,4,FALSE
2024,"TRIGGERFISH, QUEEN",Other Reef Fish,25.36,61.1092,3,FALSE
2024,"WRASSE, CLOWN",Other Reef Fish,46,317,4,FALSE
2024,"WRASSE, YELLOWHEAD",Other Reef Fish,72,687.3,4,FALSE
2025,"AMBERJACK, LESSER",Jacks,500.94,1172.4,3,FALSE
2025,GRAYSBY,Snappers & Groupers,59.47,270.97,5,FALSE
2025,"GROUPER, BLACK",Snappers & Groupers,19959.91,146721.11,30,FALSE
2025,"GROUPER, MARBLED",Snappers & Groupers,132.16,787.25,3,FALSE
2025,"GROUPER, MISTY",Snappers & Groupers,67.38,433.65,4,FALSE
2025,"GROUPER, SNOWY",Snappers & Groupers,23553.36,150760.8,31,FALSE
2025,"GROUPER, WARSAW",Snappers & Groupers,14812.62,68910.22,20,FALSE
2025,"GROUPER, YELLOWFIN",Snappers & Groupers,112.82,419.25,6,FALSE
2025,"GROUPER, YELLOWMOUTH",Snappers & Groupers,884.53,4928.14,7,FALSE
2025,"GRUNT, WHITE",Porgies & Grunts,1677.1,2826.2,12,FALSE
2025,"HIND, RED",Snappers & Groupers,2642.02,14705.35,10,FALSE
2025,"HIND, ROCK",Snappers & Groupers,172.02,777.33,11,FALSE
2025,"HIND, SPECKLED",Snappers & Groupers,12195.99,71810.85,28,FALSE
2025,"HOGFISH, SPANISH",Other Reef Fish,18,282,4,FALSE
2025,"JACK, ALMACO",Jacks,29819.58,64806.036,41,FALSE
2025,"JACK, BAR",Jacks,15682.17,23837.8,24,FALSE
2025,"JACK, CREVALLE",Jacks,38556.26,34998.44,35,FALSE
2025,"JACK, HORSE-EYE",Jacks,76.1,79.1,3,FALSE
2025,"JACK, YELLOW",Jacks,492.64,1723.46,11,FALSE
2025,"PARROTFISH, BLUE",Other Reef Fish,13,479,4,FALSE
2025,"PARROTFISH, MIDNIGHT",Other Reef Fish,17,587.25,3,FALSE
2025,"PARROTFISH, PRINCESS",Other Reef Fish,19,567,3,FALSE
2025,"PARROTFISH, REDBAND",Other Reef Fish,44,855.5,3,FALSE
2025,"PARROTFISH, STOPLIGHT",Other Reef Fish,46,1275,3,FALSE
2025,"PORGY, JOLTHEAD",Porgies & Grunts,6039.77,10725.64,26,FALSE
2025,"PORGY, KNOBBED",Porgies & Grunts,2624.94,5245.9316,18,FALSE
2025,"PORGY, RED",Porgies & Grunts,48647.96,100205.277,48,FALSE
2025,"SNAPPER, BLACK",Snappers & Groupers,528.48,1947.6499999999999,4,FALSE
2025,"SNAPPER, BLACKFIN",Snappers & Groupers,5060.78,23133.8523,22,FALSE
2025,"SNAPPER, CUBERA",Snappers & Groupers,1731.9,5759.18,13,FALSE
2025,"SNAPPER, DOG",Snappers & Groupers,634.22,1831.78,8,FALSE
2025,"SNAPPER, LANE",Snappers & Groupers,13387.65,56575.583999999995,64,FALSE
2025,"SNAPPER, QUEEN",Snappers & Groupers,13408.78,59363.21,17,FALSE
2025,"SNAPPER, SILK",Snappers & Groupers,60120.560000000005,311983.5659,33,FALSE
2025,"TILEFISH, BLUELINE",Other Reef Fish,16908.02,51994.340000000004,29,FALSE
2025,"TILEFISH, GOLDEN",Other Reef Fish,172765.06,709560.49,16,FALSE
2025,"TILEFISH, GOLDFACE",Other Reef Fish,565.28,2309.3,8,FALSE
2025,"TILEFISH, SAND",Other Reef Fish,103.16000000000001,152.4,7,FALSE
2025,"TRIGGERFISH, QUEEN",Other Reef Fish,24.560000000000002,36.5,3,FALSE
