LAND_YEAR,food_mil_lbs,food_mil_dollars,bait_mil_lbs,bait_mil_dollars
1972,61.037035,47.84483189392399,1.8548,0.9510485150111125
1973,70.114982,55.16397223914051,2.1209,1.1378088326373272
1974,64.844987,52.9441409385109,2.7091,1.4367238226704209
1975,59.93202,49.087645657728984,2.2821000000000002,1.2076170653230158
1976,48.553343999999996,44.0278667127312,2.9587,1.4456284824274797
1977,42.855029,41.54498489069649,2.528782,1.2324118930778905
1978,50.38930715384615,46.17572728144616,3.408749,1.4903321959999998
1979,52.4841951590909,46.80088748426946,4.513478,1.8648871677282377
1980,58.51515399999999,47.56324810630536,4.16618,1.574819589376785
1981,62.93317399999999,52.02124574016358,4.680076,1.808284080224634
1982,51.27463199999999,44.16347157189953,5.192271,2.0050268929680306
1983,49.522422,43.106377711318665,4.9020079999999995,1.9277042395872317
1984,42.766897060213466,37.26080154760491,5.261988831893623,1.5631378520830477
1985,40.27986399999999,34.990831013398356,6.353334,1.9437707041039731
1986,49.871368248429874,24.19235281276821,7.851574545739388,0.11422814673746397
1987,53.377359981695285,24.43617316424985,9.5413393483304,0.46035190746263005
1988,53.44086784773863,51.81672013361761,8.03348224597449,3.3266604254400463
1989,52.01002892682408,52.63257985923623,13.211913952584286,6.811233437115483
1990,53.02285551606663,54.92732520185791,8.105628826728404,3.5490419590105575
1991,45.78724163671003,46.449205460599615,8.310500299174485,3.56924079635568
1992,48.16163154067061,48.47323389928426,9.841059648636687,2.896587163657788
1993,51.58371959353751,55.19418603810569,11.851014287018252,5.067038999285104
1994,50.0605621598081,61.42511035352499,11.642143999950715,4.242646807831852
1995,40.74403508627239,53.96533816365385,5.89601347767223,3.9257746342880817
1996,30.274343603011364,42.7176318693359,6.496415585662095,3.52305401055977
1997,32.099373,41.89126556186217,6.51143692,3.3001639277035326
1998,28.283467,32.53952043788262,6.72630465,3.7195834222889874
1999,35.899163529999996,44.03333664066185,5.4336996399999995,2.909039234727665
2000,28.315081659999997,34.948143804680235,7.437108380000001,3.8007786102372165
2001,27.80326728,30.95362540347695,8.00257574,5.592912984127232
2002,24.00282876,28.10527243251202,7.75243388,4.414973286022268
2003,24.1212559,26.03722416260918,7.24839041,5.405050605921867
2004,22.92934936,24.597058129231407,8.72053322,4.678711002748338
2005,17.89304689,21.089759558039646,6.33933874,4.940012843430206
2006,20.77136272,24.950474096986568,5.48910918,2.735136392654647
2007,17.21283728,19.08980619594135,3.62912069,2.478295543867412
2008,19.17562292,19.64064149675025,6.81242025,3.256629147337323
2009,20.253487970000002,19.423860433297484,6.21654937,3.011572949691843
2010,17.29833475,16.72187672115953,5.53005315,2.501855393289389
2011,22.96243936,24.416960934983692,4.46390645,2.8356177402321046
2012,21.19936538,22.81875553282352,6.3197619099999995,2.8383556244377863
2013,23.843895529999998,30.261735403851883,5.24510582,2.9207994010872222
2014,24.27329919,26.502688324546096,6.29481859,2.619379717578272
2015,20.33949814,21.72067988689621,4.98504092,2.2361974179608683
2016,22.12546723,24.968706659299713,7.0871261,3.1303391346929246
2017,17.88157691,19.796666919367322,6.89475944,3.2866332790159833
2018,16.89965595,18.414125884321177,7.0882746700000006,2.9937003186671767
2019,15.74198866,18.272995769571637,7.55330897,2.611437251970475
2020,11.36308814,12.667020126992881,5.08954417,2.1332600633420844
2021,11.67976603,13.115831466344776,3.54233095,1.7253045784164756
2022,12.31628099,14.54401687966625,3.9606637900000004,1.7273728951863083
2023,9.64065722,12.11157392835314,4.08724958,2.0166561208167133
2024,9.64429,11.377785544,4.83124267,1.9976021024000001
2025,11.567782099999999,13.467556876302753,6.061979739999999,2.483042857599708
