LAND_YEAR,total_mil_lbs,total_mil_dollars
1972,20.370338,38.28203295227333
1973,20.236614,40.93940904850626
1974,23.558633,45.070961805775646
1975,19.814262,39.472627438306034
1976,22.484142000000002,43.123362161093276
1977,13.615224999999999,33.41228263869639
1978,12.48173152626552,33.90356085471594
1979,11.666076,35.561294343949044
1980,11.241165596308061,36.799479619791235
1981,13.81154309399932,40.8958942090425
1982,14.05071691871737,41.785837821662035
1983,14.495200297699997,45.28221148057631
1984,16.227476218621394,45.44576243537907
1985,15.453973,42.50275570101034
1986,36.95780481197187,47.07342079772286
1987,27.473805587422827,39.987120125529906
1988,21.098995685964418,64.62401272971543
1989,23.417330968855353,61.49823206503989
1990,19.990562650453676,55.70230640729929
1991,19.23339303618874,49.6444921684727
1992,21.547451457685916,59.34790211008341
1993,25.06413271028167,71.72184751122097
1994,21.980933278634875,65.76235727441164
1995,18.774817489399467,56.411755532064674
1996,17.48437552313824,56.53244851143307
1997,18.78811557,59.23340615747574
1998,17.53108031,59.67929835839794
1999,21.61780219,69.54766023964189
2000,21.81787215,69.08761616518713
2001,22.46095112,72.63811917319131
2002,22.92686603,71.55064181085126
2003,22.705693919999998,71.20869290193563
2004,23.877263990000003,73.70533800178929
2005,22.72529495,71.88353802074441
2006,20.64634048,67.92732431629176
2007,17.2512651,59.71796246435738
2008,18.82591163,63.0436945556064
2009,19.86441739,59.03562548445524
2010,15.32839493,50.24189977373253
2011,19.28697383,65.23982690193243
2012,20.24763943,70.95021860800323
2013,19.6619551,77.29034412256227
2014,21.85761861,88.31785743401586
2015,20.98325011,87.42250673840432
2016,21.42857024,88.54289375831921
2017,19.61766278,81.82936070360279
2018,18.42716895,76.3816172037247
2019,18.25486836,79.67080188432928
2020,16.071430539999998,72.60201673474711
2021,16.81500492,77.76301491645036
2022,15.426057190000002,76.89206096717504
2023,15.43178111,78.57359364660367
2024,15.1093819,75.5402979239
2025,15.35431208,77.90730764249285
