COMMON_NAME,TOTAL_LBS,RANK,CUM_LBS,CUM_PCT
"MULLET, STRIPED",958188600.4500399,1,958188600.4500399,17.989106200238293
"CRAYFISHES, FRESHWATER",398458532,2,1356647132.4500399,25.469797209474297
OSTEICHTHYES,294531810.305497,3,1651178942.7555368,30.999359982863066
PROCAMBARUS,274286338.55,4,1925465281.3055367,36.14883271832767
"DRUM, BLACK",256659410.48749638,5,2182124691.793033,40.96737615579038
"SHRIMP, ATLANIC SEABOB",248184223.55,6,2430308915.3430333,45.62680578432875
"FISHES, BUFFALO",158850730.8,7,2589159646.143033,48.60908157534163
"TUNA, YELLOWFIN",155727519.72029975,8,2744887165.863333,51.532721962247116
"CATFISHES, CHANNEL",139149272.02040675,9,2884036437.88374,54.14512105662713
LADYFISH,121635079.37959939,10,3005671517.263339,56.428707356449856
"MENHADEN, ATLANTIC",114324682.93,11,3119996200.1933393,58.57504771321304
GROUPERS,113414589.49270509,12,3233410789.686044,60.704301906054035
"CATFISH, BLUE",112870436.27,13,3346281225.956044,62.82334012459954
SHEEPSHEAD,102784477.82358189,14,3449065703.7796264,64.7530237864966
"HERRING, ATLANTIC THREAD",100946076.76973289,15,3550011780.549359,66.64819316615235
"CROAKER, ATLANTIC",100770089.93413137,16,3650781870.4834905,68.54005855547263
"SEATROUT, SPOTTED",88291710.21596368,17,3739073580.6994543,70.19765388788386
"SARDINE, SPANISH",87738718.65017751,18,3826812299.349632,71.84486731426941
SHARKS,69109078.04210618,19,3895921377.391738,73.1423264404958
"SHRIMPS, BAIT",56819418.65,20,3952740796.0417376,74.20905855967418
"JACK, CREVALLE",51494860.81278686,21,4004235656.8545246,75.1758270220548
"CRAB, FLORIDA STONE",50052069.33279038,22,4054287726.187315,76.1155084066448
"MACKERELS, KING AND CERO",47255341,23,4101543067.187315,77.00268379923266
"SHRIMP, ROUGHNECK",45078639.37,24,4146621706.557315,77.84899362864233
"CATFISH, CHANNEL",43148203.05,25,4189769909.607315,78.65906129867237
FLATFISHES,42143746,26,4231913655.607315,79.45027121508527
SWORDFISH,40049638.38554075,27,4271963293.9928555,80.202166194696
"RUNNER, BLUE",36185885.47721215,28,4308149179.470068,80.88152278116917
"DRUM, FRESHWATER",34586626.58,29,4342735806.050068,81.53085475857256
HERRINGS,34495569.69,30,4377231375.7400675,82.17847722694638
"SCAD, ROUND",34364202.339999996,31,4411595578.080068,82.8236333946261
CRUSTACEANS,34012728,32,4445608306.080068,83.46219095611707
"SHRIMPS, ROCK",33966483.68,33,4479574789.760068,84.09988032320118
"SHAD, GIZZARD",31571830,34,4511146619.760068,84.69261227862113
"DOLLARS, KEYHOLE SAND",28899037,35,4540045656.760068,85.23516501347255
"SHAD, AMERICAN",27010731.521211818,36,4567056388.28128,85.74226655658524
"CRABS, SHRIMPS, LOBSTERS",25530620,37,4592587008.28128,86.22158037259412
"SEATROUT, SAND",24889382.696109306,38,4617476390.977389,86.68885555032885
"SHARK, BLACKTIP",24713978.004181962,39,4642190368.981571,87.15283766693803
TURBINIDAE,24219755,40,4666410123.981571,87.60754120299983
"POMPANO, FLORIDA",22556411.88750564,41,4688966535.869077,88.03101700802411
"SCALLOP, ATLANTIC CALICO",22020110.403597634,42,4710986646.272675,88.44442424789864
GARFISHES,21940845.39,43,4732927491.662674,88.85634336033466
KINGFISHES,20746159.55491249,44,4753673651.2175865,89.24583334936723
"CRABS, FIDDLER",20453174.14,45,4774126825.357587,89.629822807772
"SHRIMPS, PENAEOID",19714726.21,46,4793841551.567587,89.99994858815985
"BUTTERFISH,GULF",18726554.81,47,4812568106.377586,90.35152236297145
"SHRIMP, PEPPERMINT",18720944.09,48,4831289050.4675865,90.70299080169589
BLUEFISH,18557667.590242025,49,4849846718.057829,91.05139387490381
"HERMIT, TRICOLOR",17886689.42,50,4867733407.477829,91.38719995253398
JELLYFISH,17858196.25,51,4885591603.727829,91.72247109720743
GRUNTS,15490878.341739262,52,4901082482.069568,92.01329803408981
"MULLET, WHITE",15004483.733879136,53,4916086965.803447,92.29499336133722
"TUNA, LITTLE TUNNY",14535704.195509639,54,4930622669.998957,92.56788778561388
"SHRIMP,FARFANTEPENAEUS",14108758.88,55,4944731428.878957,92.83276670582508
PORGIES,13893213.825903865,56,4958624642.704861,93.09359896667583
"GAR, ALLIGATOR",13670507.34,57,4972295150.044861,93.3502501188967
SCADS,13225943,58,4985521093.044861,93.59855498613635
"CATFISH, FLATHEAD",13046582.2,59,4998567675.244861,93.84349251997436
"SHRIMP, MARINE",12749622,60,5011317297.244861,94.0828549002648
ANIMALIA,11469953.2,61,5022787250.44486,94.29819268045719
"SHARK, SANDBAR",11162200.791479876,62,5033949451.2363405,94.50775269335236
MOJARRAS,10186583.61181153,63,5044136034.848152,94.69899639456571
AMBERJACKS,9541657,64,5053677691.848152,94.87813219415528
"CARP, COMMON",9480720.98,65,5063158412.828152,95.05612397623653
"SHARKS, SMALL COASTAL",9112406.46,66,5072270819.288152,95.22720099329945
BALLYHOOS,7766141.2,67,5080036960.4881525,95.37300312322172
TILAPIAS,7517285.64,68,5087554246.128152,95.51413321979348
JACKS,7411397.39694792,69,5094965643.5251,95.65327536237716
SPOT,7124672.624096979,70,5102090316.149197,95.78703451210677
"CLAM, SOUTHERN QUAHOG",6641102.59,71,5108731418.739197,95.91171508096564
BOWFIN,6579759.95,72,5115311178.689197,96.03524399840111
"CARP, BIGHEAD",6277098.84,73,5121588277.529197,96.15309073296791
TRIGGERFISHES,6226745.115670527,74,5127815022.644868,96.2699921228561
DOLPHIN,5738927.84,75,5133553950.484867,96.37773519383477
DOLPHINFISH,5727692.480454757,76,5139281642.9653225,96.48526733131254
"ALGAE, GREEN",5341466.76,77,5144623109.725323,96.58554843752228
MULLETS,4825039.18,78,5149448148.905322,96.67613409277693
HIPPOSPONGIA,4656457.82,79,5154104606.725323,96.76355478866246
"SHARK, BULL",4646227.86,80,5158750834.585322,96.85078342649513
"BASS, BLACK SEA",4630248.625195788,81,5163381083.210518,96.93771206894925
"FLOUNDERS, PARALICHTHYS",4605776.24,82,5167986859.450518,97.024181264968675
"SPONGE, YELLOW",4559540.967382804,83,5172546400.417901,97.10978243643751
"CATFISHES, SEA",4467599.94,84,5177014000.357901,97.1936575000138
WAHOO,4418658.524535896,85,5181432658.882437,97.27661373370636
"PORGY, RED",4250051.66,86,5185682710.542437,97.35640452920562
"TUNA, BLACKFIN",4233617.933526021,87,5189916328.475963,97.43588679666493
"BASSES, MIXED SEA",4028368.2199999997,88,5193944696.695963,97.5115156902765
"TUNA, BLUEFIN",3816870.3459025063,89,5197761567.041865,97.583173906595
HARVESTFISHES,3597231,90,5201358798.041865,97.650708597005
"SNAIL, TURBONELLA",3592590.25,91,5204951388.291865,97.71815616161894
"STARFISH, SPINY",3492396,92,5208443784.291865,97.7837226717066
"SPONGE, GRASS",3108032.479972052,93,5211551816.771837,97.84207311161973
"BONITO, ATLANTIC",3104037.720513635,94,5214655854.492351,97.9003485536127
"CARP, GRASS",3065638.62,95,5217721493.112351,97.95790308795057
RAYS,2868497.0399999996,96,5220589990.152351,98.01175647116071
MINNOWS,2838320.08,97,5223428310.232351,98.06504330981168
"MACKEREL, ATLANTIC CHUB",2771427.75,98,5226199737.982351,98.11707430673403
"SCAD, BIGEYE",2764880.8,99,5228964618.782351,98.16898239071543
BUTTERFISH,2706238,100,5231670856.782351,98.2197895102765
CERITHIDEA,2705369.5,101,5234376226.282351,98.27058032455204
"CATFISHES, FORKTAIL",2694769.59736683,102,5237070995.879718,98.32117213544338
ESCOLAR,2673573.016098315,103,5239744568.895816,98.37136600009391
"CARP, SILVER",2609642.43,104,5242354211.325816,98.42035962702276
NASSARIUS,2477925,105,5244832136.325816,98.46688038082874
LOOKDOWN,2456213.78,106,5247288350.105816,98.51299352652694
"SQUIDS, LOLIGINIDAE",2427929.58,107,5249716279.685816,98.55857566248723
SNAPPERS,2391118.0842952426,108,5252107397.770111,98.60346669660672
PINFISH,2382516.38,109,5254489914.150111,98.64819624167069
PERMIT,2259015.0914002294,110,5256748929.241511,98.69060716407996
"CRAB, GREEN CLINGING",2235957.9,111,5258984887.141512,98.73258520901129
BALLYHOO,1935458.23,112,5260920345.371511,98.76892165011405
"TURBAN, CHESTNUT",1900943.32,113,5262821288.691511,98.80461010565197
SQUIDS,1891533.64,114,5264712822.3315115,98.84012190313663
"HERRINGS, RIVER",1768551,115,5266481373.3315115,98.87332481511513
"SNAIL, NERITES",1751253,116,5268232626.3315115,98.90620297311627
ANCHOVIES,1689405.5,117,5269922031.8315115,98.93792000141372
SUCKERS,1677109.42,118,5271599141.251512,98.96940618216313
"TURTLES, SNAPPING",1649201.1,119,5273248342.351512,99.00036840997457
OILFISH,1568673.1132229578,120,5274817015.464734,99.02981879919226
"JACK, BAR",1554049.12,121,5276371064.584735,99.05899463644074
"FLOUNDER, GULF",1518734.9,122,5277889799.484735,99.08750748181718
TUNAS,1452319.9011907426,123,5279342119.385925,99.11477344691735
"NASSA, BRUISED",1410964,124,5280753083.385925,99.14126299315991
"SHARK, SPINNER",1410871.51,125,5282163954.8959255,99.16775080298812
"HERMIT, THINSTRIPE",1378696,126,5283542650.8959255,99.19363454732634
"TUNA, BIGEYE",1342797.744459856,127,5284885448.640386,99.21884433506456
"ANEMONE, GIANT CARIBBEAN",1243033,128,5286128481.640386,99.24218113184644
"SARDINE, SCALED",1177423.56,129,5287305905.200385,99.26428617197479
SPADEFISH,1137113.01,130,5288443018.210385,99.28563441874893
"SHARK, MAKO, SHORTFIN",1125089.8551898103,131,5289568108.065575,99.30675694189344
"SNAIL, TOPSNAIL",1108711,132,5290676819.065575,99.32757196715569
OCTOPUSES,1048011.2078796566,133,5291724830.273455,99.34724740986994
"CUTLASSFISH, ATLANTIC",960423.67,134,5292685253.943455,99.36527847743714
"BUMPER, ATLANTIC",953018,135,5293638271.943455,99.38317051038837
SPONGES,892950.6801061983,136,5294531222.623561,99.39993483487362
"SEAHORSE, DWARF",891933,137,5295423155.623561,99.41668005335458
CRAB,886186,138,5296309341.623561,99.43331737721721
"EEL, AMERICAN",867259.9958724201,139,5297176601.619433,99.44959938282824
BULLHEADS,718106.09,140,5297894707.709434,99.46308116158244
FROGS,715801.7,141,5298610509.409433,99.4765196775422
"SHARK, FINETOOTH",680987.33,142,5299291496.739433,99.48930458585214
"TUNA, ALBACORE",664088.12,143,5299955584.859433,99.50177222709874
"SHARK, LEMON",662922.6807777119,144,5300618507.540211,99.51421798830008
"SHARKS, PELAGIC",652068.89,145,5301270576.430211,99.52645997960178
"LOBSTERS, SLIPPER",649525,146,5301920101.430211,99.53865421171768
"CRAB, HORSESHOE",584916,147,5302505017.430211,99.54963546951733
"SHARKS, HAMMERHEAD",582921.6257912659,148,5303087939.056003,99.56057928478276
"SHARK, TIGER",532106,149,5303620045.056003,99.57056908359615
"PERCH, SAND",529382.13,150,5304149427.186002,99.58050774426546
GOATFISHES,513075,151,5304662502.186002,99.59014025362673
"BROTULA, BEARDED",496881.2,152,5305159383.386003,99.59946873934604
"SCALLOP, BAY",471438.61,153,5305630821.996002,99.6083195639313
"LOBSTER, SPANISH",469525.34,154,5306100347.336002,99.617134468639
"VENUS, SUNRAY",466550,155,5306566897.336002,99.62589351408556
"CRABS, BRACHYURA",463356.11,156,5307030253.446002,99.63459259719654
PADDLEFISH,456249,157,5307486502.446002,99.64315825087986
FORAMS,430727.57,158,5307917230.016003,99.65124476328093
"ANEMONE, RED BEADED",410833,159,5308328063.016003,99.65895777350052
"URCHIN, GREEN SEA",408622.35,160,5308736685.366002,99.66662928080761
"SEATROUT, SILVER",405211.05,161,5309141896.416002,99.67423674410718
"SPADEFISH, ATLANTIC",386900.06,162,5309528796.476002,99.68150043547746
"BASS, ROCK SEA",367554.5,163,5309896350.976002,99.6884009318221
"PORGY, JOLTHEAD",344942.35,164,5310241293.326002,99.69487690593012
"PORGY, KNOBBED",335986.42,165,5310577279.746002,99.70118474072213
"FLOUNDER, SOUTHERN",327391.45,166,5310904671.196002,99.7073312128888
"CRABS, CORAL SPIDER",322610,167,5311227281.196002,99.71338791774684
"EELS, CUSK",317972.77,168,5311545253.966002,99.71935756289356
"DRIFTFISH, BLACK",309513.17,169,5311854767.136003,99.72516838686172
SKATES,302738.1,170,5312157505.236002,99.73085201514658
"CORALLIMORPH, FLORIDA",283252,171,5312440757.236002,99.73616980989704
"CRABS, HERMIT",278296.7,172,5312719053.936002,99.74139457346564
SCORPIONFISHES,263681.87,173,5312982735.806003,99.74634495709606
"BARRACUDA, GREAT",263610.16000000003,174,5313246345.966002,99.75129399443742
"CLAMS, MERCENARIA QUAHOG",249882,175,5313496227.966002,99.75598529825112
"SNAPPER, BLACK",246588.7825834798,176,5313742816.748586,99.76061477494869
BARRACUDAS,240247.19,177,5313983063.938585,99.76512519410123
TRIPLETAIL,235058.67841925862,178,5314218122.617005,99.76953820373984
"GROUPER, MARBLED",231908.23,179,5314450030.847005,99.7738920666184
"HAKES, RED AND WHITE",223836.1,180,5314673866.947005,99.77809438270991
PIGFISH,213642.04,181,5314887508.987005,99.78210531473789
LIONFISHES,213086.19,182,5315100595.177005,99.78610581119537
"TURTLES, SOFT-SHELL",206633,183,5315307228.177005,99.78998515496937
"SHARK, THRESHER",205271.35645799013,184,5315512499.533463,99.79383893514319
"FILECLAM, ROUGH",199367,185,5315711866.533463,99.79758186647646
"HIND, RED",195482.225448052,186,5315907348.758911,99.80125186475468
"HERMIT, POLKADOTTED",191874,187,5316099222.758911,99.80485412193187
PUFFERS,186213.45,188,5316285436.208911,99.80835010750964
"fileclam, rough",185960.5,189,5316471396.708911,99.81184134418473
DRUMS,184307.26,190,5316655703.968911,99.8153015428054
"BISCUITS, SEA",181694,191,5316837397.968911,99.81871267988261
"TURTLE, GREEN",181218,192,5317018615.968911,99.82211488049934
"JACK, YELLOW",180469.6,193,5317199085.568911,99.8255030305971
"SHRIMPS, MANTIS",180125.06,194,5317379210.628911,99.82888471227454
CERO,172843.43,195,5317552054.058911,99.83212968807246
"SLUG, LETTUCE",172335,196,5317724389.058911,99.83536511856657
"MARLIN, WHITE",169427.0796223224,197,5317893816.138534,99.83854595554072
"CUCUMBER, FLORIDA SEA",160732.48,198,5318054548.618533,99.84156355943539
STINGRAYS,157942.43,199,5318212491.048533,99.8445287827176
"WHELK, LIGHTNING",156991,200,5318369482.048533,99.84747614378009
"SPONGES, DEMOSPONGIAE",153919.75,201,5318523401.798533,99.85036584495974
SCALLOPS,152771,202,5318676172.798533,99.8532339794189
ULOTRICHALES,152106.36,203,5318828279.158533,99.85608963587576
"CORALS, SOFT",151089.5,204,5318979368.658533,99.85892620172507
"GARS, SLENDER",150713.19,205,5319130081.848534,99.86175570270163
"KILLIFISH, GULF",137374,206,5319267455.848534,99.86433477270307
"STAR, SERPENT BRITTLE",135814.4,207,5319403270.248533,99.86688456265462
"CRAB, FALSE ARROW",133069,208,5319536339.248533,99.86938281025624
"URCHINS, SEA",127430,209,5319663769.248533,99.87177519083978
"SHARK, BONNETHEAD",123563.5297601308,210,5319787332.778294,99.87409498201481
"CRAB, SPOTTED PORCELAIN",122441.75,211,5319909774.528294,99.87639371281067
MARLINS,116764,212,5320026538.528294,99.878585849093
"MAT, GREEN SEA",116208,213,5320142746.528294,99.88076754698874
"ANGELFISH, BLUE",114684,214,5320257430.528294,99.8829206331917
"SHARK, HAMMERHEAD, GREAT",113928.84,215,5320371359.368294,99.88505954196296
"PORGY, WHITEBONE",113632.16,216,5320484991.528294,99.88719288084118
"CRABS, HORSESHOE",110879,217,5320595870.528294,99.88927453168262
"SPONGE, RED BALL",109899,218,5320705769.528294,99.89133778392896
"BURRFISH, STRIPED",109781,219,5320815550.528294,99.89339882083425
"SHARK, MAKO, LONGFIN",107354.35,220,5320922904.878293,99.89541429962652
WEAKFISH,100334.4,221,5321023239.278294,99.89729798533965
"POMPANO, AFRICAN",100158.7297580414,222,5321123398.008052,99.89917837300618
"MARLIN, BLUE",97192.2228977845,223,5321220590.230949,99.90100306724563
"GORGONIAN, SEA BLADES",97107,224,5321317697.230949,99.90282616150387
"CONCH, HAWKWING",96509,225,5321414206.230949,99.90463802886428
"CONCH, FLORIDA FIGHTING",95383.5,226,5321509589.730949,99.90642876600147
ANGELFISHES,95337.3,227,5321604927.03095,99.90821863577631
"CRABS, SAND",94761.85,228,5321699688.880949,99.90999770200875
"ANEMONE, RINGED",93744,229,5321793432.880949,99.91175765904731
REPTILES,93254.40000000001,230,5321886687.28095,99.91350842429799
"SHARK, DUSKY",85462.96,231,5321972150.24095,99.91511291245709
"SHAD, THREADFIN",84938,232,5322057088.24095,99.91670754497696
"URCHIN, PURPLE-SPINED SEA",81255.3,233,5322138343.540949,99.91823303820485
MACKERELS,77864,234,5322216207.540949,99.9196948629067
"HERMIT, RED REEF",77027,235,5322293234.540949,99.92114097370643
"CRAB, FURCATE SPIDER",76134.6,236,5322369369.140949,99.92257033052017
"PLANT, MERMAID'S SHAVING BRUSH",74121.5,237,5322443490.640949,99.92396189324029
"SEAHORSE, LINED",72263,238,5322515753.640949,99.92531856433901
ALLIGATOR,71555,239,5322587308.640949,99.92666194339147
"SHRIMP, FW",68525.1,240,5322655833.74095,99.9279484388692
"FLOUNDERS, LEFTEYED",65808.25,241,5322721641.99095,99.92918392799686
NUDIBRANCHS,65778,242,5322787419.99095,99.9304188492087
"PLANT, CAULERPA",65657.03,243,5322853077.020949,99.93165149932048
"CRAB, YELLOWLINE ARROW",60961,244,5322914038.020949,99.93279598580526
"URCHIN, SLATE PENCIL",60612,245,5322974650.020949,99.93393392013728
"GAR, SPOTTED",60412.02,246,5323035062.040949,99.93506810002945
"URCHIN, ROCK BORING",59037,247,5323094099.040949,99.93617646519081
"ANGELFISH, GRAY",58778,248,5323152877.040949,99.93727996786632
"HIND, ROCK",58185.07817735323,249,5323211062.119126,99.93837233898209
"STAR, BLACK BRITTLE",57962.6,250,5323269024.719127,99.93946053327554
"CASSIOPEA, JAMAICAN",57822,251,5323326846.719127,99.9405460879338
"COWFISH, HONEYCOMBED",56008.5,252,5323382855.219127,99.94159759580411
"FILEFISH, PLANEHEAD",55770.25,253,5323438625.469127,99.94264463075066
EELS,54700.69,254,5323493326.159126,99.94367158569582
"SLIDER, COMMON",54648.1,255,5323547974.259127,99.94469755331231
"TUNICATES, SEA SQUIRTS",52286,256,5323600260.259127,99.94567917468241
TILEFISHES,52246.4,257,5323652506.659126,99.94666005259907
"CATFISH, GAFFTOPSAIL",52145.54,258,5323704652.199126,99.94763903696236
"SNAIL, MUREX",51556,259,5323756208.199126,99.94860695325653
"SNAIL, OLIVE",50071,260,5323806279.199126,99.94954699004691
"SHARK, HAMMERHEAD, SCALLOPED",48603.72,261,5323854882.9191265,99.95045948001017
SEAHORSES,48169,262,5323903051.9191265,99.95136380850683
"MOONFISH, ATLANTIC",47711.6,263,5323950763.519127,99.95225954974084
BRYOPSIDALES,47476.75,264,5323998240.269127,99.95315088188296
"HARVESTFISH, NORTHERN",47073.7,265,5324045313.969127,99.9540346471335
"SPONGES,SHEEPSWOOL",45976,266,5324091289.969127,99.95489780408012
SQUIRRELFISHES,45916.85,267,5324137206.819127,99.95575985054013
"TURTLES, NORTH AMERICAN SOFTSHELL",45568.84,268,5324182775.659126,99.95661536343371
"TUNA, SKIPJACK",44875.19977111128,269,5324227650.858898,99.95745785387253
"COWFISH, SCRAWLED",44370,270,5324272020.858898,99.9582908596521
"STARS, BRITTLE",44077,271,5324316097.858898,99.95911836462723
PORKFISH,43986,272,5324360083.858898,99.9599441611614
"PORGY, GRASS",43854.76,273,5324403938.618897,99.96076749378572
STURGEONS,43767,274,5324447705.618897,99.96158917879711
"TURTLE, ALLIGATOR SNAPPING",42024.8,275,5324489730.418898,99.96237815561221
"PLANT, HALIMEDA",41846.5,276,5324531576.918898,99.96316378500943
BARRELFISH,40203.68890734441,277,5324571780.607805,99.96391857214535
"FISHES, RAY-FINNED",39228.51,278,5324611009.1178055,99.96465505119775
"HERMIT, ORANGECLAW",38251,279,5324649260.1178055,99.9653731784025
"ANEMONE, SUN ZOANTHID",36364,280,5324685624.1178055,99.96605587892466
OPHIDIIFORMES,36122.47,281,5324721746.587805,99.96673404494409
"BEAUTY, ROCK",35396,282,5324757142.587805,99.9673985721601
BOXFISHES,33712,283,5324790854.587805,99.96803148383108
"CHUB, BERMUDA",33276,284,5324824130.587805,99.96865621000465
"GOBY,NEON",33275,285,5324857405.587805,99.96928091740415
HIGH-HAT,32473,286,5324889878.587805,99.96989056799418
"CONCH, HORSE",31443.5,287,5324921322.087805,99.97048089067236
"ANGELFISH, QUEEN",31305,288,5324952627.087805,99.97106861314091
"WORM, MARINE",30894,289,5324983521.087805,99.97164861946398
"GRUNT, WHITE",29246.46,290,5325012767.547805,99.97219769474486
"CONCH, CROWN",28944,291,5325041711.547805,99.97274109161852
"STAR, SCALY BRITTLE",28887,292,5325070598.547805,99.9732834183698
"SHRIMPS, PISTOL OR SNAPPING",28380,293,5325098978.547805,99.97381622666424
"PIPEFISH, SARGASSUM",28179,294,5325127157.547805,99.9743452613693
"SHRIMP, BANDED CORAL",27392.2,295,5325154549.747805,99.97485952463086
"CHROMIS, BLUE",26861,296,5325181410.747805,99.97536381510291
CREOLE-FISH,26655.07,297,5325208065.817805,99.97586423942938
"BASS, LONGTAIL",25892.13,298,5325233957.947805,99.97635034026185
"SHARK, SILKY",23706.53,299,5325257664.477805,99.97679540847241
"CORAL, DEEPWATER",23101,300,5325280765.477805,99.9772291084164
"RUNNER, RAINBOW",22989.56,301,5325303755.037806,99.97766071617727
CORALS,22812,302,5325326567.037806,99.97808899041311
"HARES, SEA",22750,303,5325349317.037806,99.9785161006562
BLUEHEAD,22496,304,5325371813.037806,99.97893844228382
"DORIS, FLORIDA REGAL",22253,305,5325394066.037806,99.97935622181082
BIGEYE,22140.48,306,5325416206.517805,99.9797718888787
"SNAPPER, DOG",22058.847661382733,307,5325438265.365466,99.98018602337481
"TANG, BLUE",21612.5,308,5325459877.865466,99.98059177810575
"CRAB, NIMBLE SPRAY",21113,309,5325480990.865466,99.9809881551854
SCULPINS,20702,310,5325501692.865466,99.98137681611956
"SCORPIONFISH, SPINYCHEEK",20594.600000000002,311,5325522287.4654665,99.98176346071791
KILLIFISHES,20555.66,312,5325542843.125466,99.98214937425371
"FILECLAM, SPINY",19995,313,5325562838.125466,99.9825247619157
CLAMS,19040,314,5325581878.125466,99.98288222033452
"BUTTERFLYFISH, FOUREYE",18970,315,5325600848.125466,99.98323836456798
FLAMEFISH,18822,316,5325619670.125466,99.9835917302381
"EYE, SHARK",18741.05,317,5325638411.175467,99.98394357614673
"OCTOPUS, COMMON",18312.7,318,5325656723.875466,99.98428738017961
"JAWFISH, YELLOWHEAD",18309,319,5325675032.875466,99.98463111474844
"COWRIE, MEASLED",18229,320,5325693261.875466,99.98497334739113
TOADFISHES,18008,321,5325711269.875466,99.98531143096288
"GROUPER, MISTY",17905.06,322,5325729174.935467,99.98564758193119
DICOTYLEDONS,17837,323,5325747011.935467,99.98598245513584
PARROTFISHES,17679.26785714286,324,5325764691.203323,99.98631436706515
"ANEMONE, SUN",16851,325,5325781542.203323,99.98663072903025
"CLAM, NORTHERN QUAHOG",16747.03,326,5325798289.233324,99.98694513905463
"OCTOPUS, ATLANTIC PYGMY",16514.5,327,5325814803.733324,99.98725518354296
"PUFFER, SOUTHERN",16163.25,328,5325830966.983324,99.98755863363687
"TULIP, TRUE",15751,329,5325846717.983324,99.9878543441177
"SQUID, ATLANTIC BRIEF",15643.75,330,5325862361.733324,99.9881480410788
JACKKNIFE-FISH,15584,331,5325877945.733324,99.98844061628883
"ROSEFISH, BLACKBELLY",15232.53,332,5325893178.263324,99.98872659297415
"HAKE, WHITE",14632,333,5325907810.263324,99.98900129526322
"JACK, HORSE-EYE",14249.24,334,5325922059.503324,99.98926881158674
BIGEYES,14058.960000000001,335,5325936118.463324,99.98953275557896
FILEFISHES,13862,336,5325949980.463324,99.98979300182907
SEAROBINS,13813,337,5325963793.463324,99.99005232814939
"TURTLE, LOGGERHEAD",12500,338,5325976293.463324,99.99028700410713
"STAR, BASKET",12431,339,5325988724.463324,99.99052038465358
"BRYOZOA, ECTOPROCTA",12289,340,5326001013.463324,99.99075109928116
"CRAB, REDFINGER RUBBLE",12255,341,5326013268.463324,99.99098117559012
AMERICAN BULLFROG,12021,342,5326025289.463324,99.99120685876515
"EEL, CONGER",11991.78,343,5326037281.243323,99.99143199336167
"EELS, CONGER",11947.4,344,5326049228.643324,99.99165629476468
OPAH,11754.44,345,5326060983.0833235,99.99187697352184
"SHARK, THRESHER, BIGEYE",11748,346,5326072731.0833235,99.99209753137396
SUNSHINEFISH,11237,347,5326083968.0833235,99.99230849567292
"KINGFISH, GULF",10919,348,5326094887.0833235,99.99251348981552
CHERUBFISH,10312,349,5326105199.0833235,99.99270708809362
"SCORPIONFISH, REEF",10196,350,5326115395.0833235,99.99289850857883
"REEFFISH, PURPLE",10191,351,5326125586.0833235,99.99308983519364
"ANGELFISH, FRENCH",10188,352,5326135774.0833235,99.99328110548625
PIPEFISHES,10043,353,5326145817.0833235,99.99346965353773
"MORAY, BLACKEDGE",9628,354,5326155445.0833235,99.99365041034741
MITHRACULUS RUBER,8826,355,5326164271.0833235,99.99381611034765
"CRABS, PORCELAIN",7981,356,5326172252.0833235,99.99396594625316
"HAMLET, BUTTER",7850,357,5326180102.0833235,99.9941133227546
"SHRIMP, SPOTTED CLEANER",7681,358,5326187783.0833235,99.99425752643712
"HOGFISH, SPOTFIN",7605,359,5326195388.0833235,99.99440030328981
"HERMIT, STAREYE",7153,360,5326202541.0833235,99.99453459425986
BEAUGREGORY,6729,361,5326209270.0833235,99.99466092502144
"OYSTER, ATLANTIC THORNY",6721,362,5326215991.0833235,99.99478710559039
"SANDFISH, BELTED",6680,363,5326222671.0833235,99.99491251642219
"HOGFISH, SPANISH",6394,364,5326229065.0833235,99.9950325578681
"TILEFISH, SAND",6208.32,365,5326235273.403323,99.99514911334344
"MUSSELS, FW,PEARLS&SLUGS",6205,366,5326241478.403323,99.99526560648887
"SURGEON, OCEAN",5734,367,5326247212.403323,99.995373257044207
"CRAB, RED-RIDGED CLINGING",5642,368,5326252854.403323,99.99547918038449
SNAILS (CONCH),5377,369,5326258231.403323,99.99558012859447
"WRASSE, CREOLE",5336,370,5326263567.403323,99.9956803070673
"SHARK, NURSE",5332.92,371,5326268900.323323,99.995780427716
"DAMSELFISH, YELLOWTAIL",5285,372,5326274185.323323,99.99587964871093
TEGULA,5185,373,5326279370.323323,99.9959769922982
"BREAM, RED",5124,374,5326284494.323323,99.99607319066679
PAGURISTES ERYTHROPS,5023,375,5326289517.323323,99.99616749285364
"POLYCHAETE, FEATHER-DUSTER",4778,376,5326294295.323323,99.99625719539173
"BUTTERFLYFISH, SPOTFIN",4742,377,5326299037.323323,99.99634622206305
"PARROTFISH, STRIPED",4703,378,5326303740.323323,99.99643451654539
"EEL, MORAYS",4431.7300000000005,379,5326308172.053324,99.99651771818398
"POLYCHAETE, HORNED CHRISTMAS-T",4389,380,5326312561.053324,99.99660011760626
GOBIES,4388,381,5326316949.053324,99.99668249825446
"BUTTERFLYFISH, REEF",4385,382,5326321334.053324,99.99676482258045
"TRIGGERFISH, QUEEN",4231.65,383,5326325565.703323,99.99684426790175
"CLAM, JEWEL BOX",4125,384,5326329690.703323,99.99692171096781
"BASS, HARLEQUIN",4111,385,5326333801.703323,99.99699889119678
CLINGFISHES,4095,386,5326337896.703323,99.99707577104054
"FLOUNDER, SUMMER",4015.07,387,5326341911.773324,99.99715115027237
"BURRFISHES, SPINY BOXFISHES",3941,388,5326345852.773324,99.99722513890832
"SNAIL, CONE",3498,389,5326349350.773324,99.99729081062834
SEATROUTS,3467.71,390,5326352818.483324,99.99735591368156
"TRIGGERFISH, OCEAN",3441.6,391,5326356260.0833235,99.99742052654365
SURGEONFISHES,3415.8,392,5326359675.883324,99.99748465503457
"EELS, SNAKE",3394.97,393,5326363070.853324,99.99754839246147
"MAJOR, SERGEANT",3152,394,5326366222.853324,99.99760756835097
"HERMIT, GIANT",3060,395,5326369282.853324,99.99766501702543
"SNAIL, MOON",3057,396,5326372339.853324,99.99772240937766
CORALLINACEAE,3054,397,5326375393.853324,99.99777974540764
GRAYSBY,3042.92,398,5326378436.773324,99.99783687342088
"SNAPPER, MAHOGANY",3004.59,399,5326381441.363323,99.99789328182372
"SAWFISH, SMALLTOOTH",2915,400,5326384356.363323,99.99794800825707
"DICK, SLIPPERY",2850,401,5326387206.363323,99.99800151437543
"SHRIMP, PEDERSON CLEANER",2790,402,5326389996.363323,99.99805389404919
"BASS, BANK SEA",2728.78,403,5326392725.143324,99.99810512437402
CHITONS,2692,404,5326395417.143324,99.99815566418827
"SCORPIONFISH, SPOTTED",2637.4400000000005,405,5326398054.5833235,99.99820517968891
"JACK, BLACK",2610.84,406,5326400665.423324,99.99825419579909
BALLOONFISH,2554,407,5326403219.423324,99.99830214479078
CUSK,2425,408,5326405644.423324,99.9983476719266
"COWRIE, ATLANTIC DEER",2384,409,5326408028.423324,99.99839242932525
"BUTTERFLYFISH, BANDED",2355,410,5326410383.423324,99.99843664227568
"WRASSE, YELLOWHEAD",2323,411,5326412706.423324,99.99848025445567
CUTLASSFISHES,2277,412,5326414983.423324,99.99852300302813
SCHOOLMASTER,2274.63,413,5326417258.053324,99.99856570710604
"BLENNY, FLORIDA",2202,414,5326419460.053324,99.99860704762274
MAJOIDEA,2193,415,5326421653.053324,99.99864821917276
"URCHIN, LONG-SPINED SEA",2189,416,5326423842.053324,99.99868931562649
POMFRETS,2010.58,417,5326425852.633324,99.99872706240946
"JAWFISH, DUSKY",1995,418,5326427847.633324,99.99876451669232
"SHRIMP, CLEANER",1989,419,5326429836.633324,99.99880185833071
"DAMSELFISH, THREESPOT",1949,420,5326431785.633324,99.99883844900604
"BLENNY, SAILFIN",1934,421,5326433719.633324,99.99887475807022
"HERRING, ROUND",1884.5,422,5326435604.133324,99.9989101378176
LIBINIA,1871,423,5326437475.133324,99.99894526411495
"PORGY, LITTLEHEAD",1799.58,424,5326439274.713324,99.99897904956777
"JAWFISHES, SPOTFIN",1732,425,5326441006.713324,99.99901156626846
"DAMSELFISH, BICOLOR",1709,426,5326442715.713324,99.99904365116541
"CRABS, BOX",1685,427,5326444400.713324,99.99907528548451
LIZARDFISHES,1653,428,5326446053.713324,99.99910631903316
"MORAY, SPOTTED",1585,429,5326447638.713324,99.9991360759446
"SNAIL, MARGINELLA",1577,430,5326449215.713324,99.99916568266343
"SHARK, PORBEAGLE",1551,431,5326450766.713324,99.99919480125627
"GROUPER, CONEY",1489.5,432,5326452256.213324,99.99922276524339
"POMPANO, IRISH",1465,433,5326453721.213324,99.99925026926564
TOBACCOFISH,1460,434,5326455181.213324,99.9992776794175
DOCTORFISH,1435,435,5326456616.213324,99.99930462021746
"CHUBS, SEA",1365.5600000000002,436,5326457981.773324,99.99933025734553
"FROGFISH, OCELLATED",1287,437,5326459268.773324,99.99935441958213
"TONGUE, FLAMINGO",1239,438,5326460507.773324,99.99937768066307
"SQUIRRELFISH, REEF",1184,439,5326461691.773324,99.99939990916978
CORALLIMORPHARIA,1152,440,5326462843.773324,99.99942153690606
"LIONFISH, RED",1151.29,441,5326463995.063324,99.99944315131272
"PARROTFISH, PRINCESS",1139,442,5326465134.063324,99.99946453498598
"STINGRAY, YELLOW",1092,443,5326466226.063324,99.99948503627766
PAGURISTES PUNCTICEPS,1082,444,5326467308.063324,99.99950534982855
PUDDINGWIFE,1070,445,5326468378.063324,99.99952543809054
PENSHELLS,1059,446,5326469437.063324,99.99954531983768
"OCTOPUS, CARIBBEAN REEF",965,447,5326470402.063324,99.99956343682162
"BASS, CHALK",943,448,5326471345.063324,99.99958114077586
DAMSELFISHES,936,449,5326472281.063324,99.99959871331157
"DOGFISH, SPINY",910,450,5326473191.063324,99.9996157977213
"LOBSTER, SPOTTED SPINY",895,451,5326474086.063324,99.99963260051989
"FILEFISH, WHITESPOTTED",847,452,5326474933.063324,99.99964850216277
ANGELWING,767,453,5326475700.063324,99.99966290187953
"BLENNY, REDLIP",764,454,5326476464.063324,99.99967724527407
"BLENNY, BANDED",750,455,5326477214.063324,99.99969132583153
CARDINALFISHES,728,456,5326477942.063324,99.99970499335932
PORCUPINEFISH,712,457,5326478654.063324,99.99971836050187
"TURTLES, PAINTED",700,458,5326479354.063324,99.9997315023555
GOOSEFISH,661,459,5326480015.063324,99.99974391202015
"POMFRET, BIGSCALE",656.1,460,5326480671.163323,99.99975622969181
"BLENNY, SADDLED",654,461,5326481325.163323,99.99976850793793
"BLENNY, MARBLED",611,462,5326481936.163323,99.99977997889874
"GRUNT, FRENCH",606,463,5326482542.163323,99.99979135598916
"BUTTERFLYFISH, LONGSNOUT",540,464,5326483082.163323,99.99980149399053
"MORAY, GREEN",500,465,5326483582.163323,99.99981088102885
"PARROTFISH, REDBAND",492,466,5326484074.163323,99.99982011787455
"CORALLIMORPH, DISCOSOMA",487,467,5326484561.163323,99.99982926084986
SARGASSUMFISH,467,468,5326485028.163323,99.99983802834363
NEEDLEFISHES,463.48,469,5326485491.643324,99.99984672975269
"WRASSE, CLOWN",450,470,5326485941.643324,99.99985517808716
"PARROTFISH, BLUE",432,471,5326486373.643324,99.99986328848826
"DAMSELFISH, DUSKY",431,472,5326486804.643324,99.99987138011528
"LIZARDFISH, INSHORE",395,473,5326487199.643324,99.99987879587555
"BASS, LANTERN",382,474,5326487581.643324,99.99988596757281
"PORGY, LONGSPINE",376.29,475,5326487957.933324,99.9998930320701
"RAYS, BUTTERFLY",376,476,5326488333.933324,99.99990009112292
WHITEFISHES,328,477,5326488661.933324,99.99990624902004
"PARROTFISH, STOPLIGHT",318,478,5326488979.933324,99.99991221917641
JAWFISHES,274,479,5326489253.933324,99.99991736327341
"MORAY, GOLDENTAIL",260,480,5326489513.933324,99.99992224453332
"STINGRAY, SOUTHERN",255,481,5326489768.933324,99.99992703192287
"SNAPPER, CARIBBEAN RED",228.1,482,5326489997.033323,99.99993131428973
SHARKSUCKER,213,483,5326490210.033323,99.99993531316804
"SHRIMP, GOLDEN CORAL",204,484,5326490414.033323,99.99993914307967
"PARROTFISH, RAINBOW",201,485,5326490615.033323,99.99994291666908
"TILEFISH, BLACKLINE",174.78,486,5326490789.813324,99.99994619800219
"SOLES, NAKED AND FRINGED",171,487,5326490960.813324,99.9999494083693
"FILEFISH, ORANGESPOTTED",164,488,5326491124.813324,99.99995248731787
"CARDINALFISH, TWOSPOT",162,489,5326491286.813324,99.99995552871827
"SPEARFISH, LONGBILL",140,490,5326491426.813324,99.99995815708901
"DRUM, SPOTTED",135,491,5326491561.813324,99.99996069158935
"TERRAPIN, DIAMONDBACK",132,492,5326491693.813324,99.99996316976747
"BUTTERFLYFISH, BANK",129,493,5326491822.813324,99.99996559162335
"stingrays, myliobatiformes (order)",127,494,5326491949.813324,99.99996797593109
"HAWKFISH, REDSPOTTED",125,495,5326492074.813324,99.99997032269066
"TRUNKFISHES, THREE-ANGLED",120,496,5326492194.813324,99.99997257557986
"SQUIRRELFISH, DEEPWATER",114,497,5326492308.813324,99.99997471582459
"BLENNY, HAIRY",105,498,5326492413.813324,99.99997668710263
"FILEFISH, PYGMY",100,499,5326492513.813324,99.9999785645103
"STAR, CUSHIONED",94,500,5326492607.813324,99.9999803292735
"SCALLOP, LIONS-PAW",85,501,5326492692.813324,99.99998192507
TRUMPETFISH,83,502,5326492775.813324,99.99998348331836
"GOATFISH, SPOTTED",78,503,5326492853.813324,99.99998494769635
"SOLDIERFISH, BLACKBAR",76,504,5326492929.813324,99.99998637452616
"PINFISH, SPOTTAIL",72,505,5326493001.813324,99.99998772625969
"BISCUIT, INFLATED SEA",71,506,5326493072.813324,99.99998905921912
"PARROTFISH, MIDNIGHT",69,507,5326493141.813324,99.99999035463041
"CONCH, MILK",61,508,5326493202.813324,99.99999149984909
"FILEFISH, SCRAWLED",61,509,5326493263.813324,99.99999264506776
"FLAG, SPANISH",61,510,5326493324.813324,99.99999379028644
FROGFISHES,46,511,5326493370.813324,99.99999465389395
"BLENNY, GLASS",45,512,5326493415.813324,99.9999954987274
"COWRIE, ATLANTIC GRAY",34,513,5326493449.813324,99.99999613704601
"SNAPPER, GLASSEYE",32,514,5326493481.813324,99.99999673781646
RAZORFISHES,30,515,5326493511.813324,99.99999730103876
"BASS, PEPPERMINT",29,516,5326493540.813324,99.99999784548697
MITHRACULUS,29,517,5326493569.813324,99.9999983899352
"SCORPIONFISH, LONGSNOUT",19.76,518,5326493589.573323,99.99999876091094
COTTONWICK,17,519,5326493606.573323,99.99999908007024
"CHROMIS, BROWN",14,520,5326493620.573323,99.99999934290732
"DURGON, BLACK",14,521,5326493634.573323,99.99999960574439
"PARROTFISH, QUEEN",11,522,5326493645.573323,99.99999981225923
"BLENNY, BARRED",7,523,5326493652.573323,99.99999994367778
"STARGAZER, SOUTHERN",3,524,5326493655.573323,100
