YEAR,Pcover_StonyCoral,Pcover_StonyCoral_SD,mean_#_spp_per_year,SD_#_spp_per_year
1999,17.81583333,7.969731897,21.5,3.060005942
2000,16.02916667,6.344362506,20,2.374102701
2001,15.59666667,8.145421841,21.84615385,2.444250187
2002,12.88416667,5.970797812,20,2.558408596
2003,13.57416667,8.363769766,20.16666667,2.757908738
2004,9.1156,7.551264839,16.96153846,4.093709997
2005,8.497037037,7.701643588,15.53333333,5.184415196
2006,6.661851852,6.491140138,16.24137931,4.453370894
2007,6.814814815,6.476295457,17.74074074,5.095945542
2008,7.551111111,6.791539609,17.39285714,5.431999057
2009,8.153589744,6.475574548,16.30769231,4.206222497
2010,8.071794872,5.949818605,15.92307692,4.074210388
2011,8.73,6.124667553,12.51219512,3.742472119
2012,8.768717949,6.968528947,13.25,3.528274075
2013,8.33974359,6.186680722,12.82926829,3.513562573
2014,9.306153846,6.701240504,12.69230769,3.805493579
2015,8.572307692,6.114113725,12.43902439,4.129459895
2016,8.572051282,6.029385139,12.68292683,4.021436462
2017,8.079230769,5.827789318,12.6,3.821665632
2018,7.466923077,5.51295706,12.625,4.770031984
2019,8.018717949,6.179081936,13.20512821,4.237548243
2020,8.321794872,7.045906939,12.06818182,4.994870519
2021,8.523076923,8.179678013,13.74358974,4.609589254
2022,6.942051282,6.552999787,11.48717949,3.691182915
2023,4.588205128,3.36205754,11.28205128,3.933317322
2024,2.814871795,2.121135336,9.717948718,4.364622839
2025,2.5195,1.827636767,7.487179487,3.169524245
