year,n_sets,n_trips,nominal,standardized,lower,upper
2006,199,12,0.0352,0.0078,0.00165,0.0415
2007,186,11,0.0215,0.0087,0.00178,0.0473
2008,109,4,0.0367,0.0258,0.00328,0.175
2009,644,30,0.0683,0.0218,0.00988,0.0495
2010,1421,54,0.0774,0.0285,0.0171,0.0493
2011,2302,81,0.0213,0.00822,0.00475,0.015
2012,522,19,0.067,0.0345,0.0144,0.0835
2013,2123,82,0.122,0.0597,0.0407,0.087
2014,850,27,0.142,0.0416,0.02,0.0851
2015,713,26,0.161,0.0958,0.0501,0.163
2016,1755,55,0.132,0.0667,0.0437,0.105
2017,451,14,0.195,0.119,0.054,0.249
2018,138,4,0.29,0.242,0.065,0.612
2019,148,5,0.27,0.19,0.0521,0.534
2020,60,2,0.133,0.138,0.0162,0.641
2021,275,10,0.135,0.0851,0.0317,0.216
2022,752,32,0.245,0.178,0.111,0.291
2023,576,25,0.337,0.266,0.157,0.407
2024,486,17,0.181,0.155,0.0737,0.272
2025,322,13,0.211,0.188,0.0806,0.37
