"lon","lat","elevation","sector","color"
-96.4842105263158,26.3829787234043,-83.9090805053711,"West","#e63946"
-96.6526315789474,26.5531914893617,-81.5890808105469,"West","#e63946"
-96.4842105263158,26.5531914893617,-114.099082946777,"West","#e63946"
-96.821052631579,26.7234042553191,-71.429084777832,"West","#e63946"
-96.6526315789474,26.7234042553191,-96.679084777832,"West","#e63946"
-96.4842105263158,26.7234042553191,-171.539077758789,"West","#e63946"
-96.821052631579,26.8936170212766,-77.929084777832,"West","#e63946"
-96.6526315789474,26.8936170212766,-102.489082336426,"West","#e63946"
-96.4842105263158,26.8936170212766,-193.609085083008,"West","#e63946"
-96.821052631579,27.063829787234,-73.4127044677734,"West","#e63946"
-96.6526315789474,27.063829787234,-94.0027008056641,"West","#e63946"
-96.4842105263158,27.063829787234,-135.282699584961,"West","#e63946"
-96.3157894736842,27.063829787234,-422.792694091797,"West","#e63946"
-96.6526315789474,27.2340425531915,-85.0427017211914,"West","#e63946"
-96.4842105263158,27.2340425531915,-110.68270111084,"West","#e63946"
-96.3157894736842,27.2340425531915,-282.942687988281,"West","#e63946"
-96.1473684210526,27.2340425531915,-427.842712402344,"West","#e63946"
-96.6526315789474,27.4042553191489,-73.2627029418945,"West","#e63946"
-96.4842105263158,27.4042553191489,-93.2327041625977,"West","#e63946"
-96.3157894736842,27.4042553191489,-174.60270690918,"West","#e63946"
-96.1473684210526,27.4042553191489,-285.292694091797,"West","#e63946"
-95.978947368421,27.4042553191489,-429.062713623047,"West","#e63946"
-96.4842105263158,27.5744680851064,-76.8827056884766,"West","#e63946"
-96.3157894736842,27.5744680851064,-120.952705383301,"West","#e63946"
-96.1473684210526,27.5744680851064,-160.072708129883,"West","#e63946"
-95.978947368421,27.5744680851064,-255.902709960938,"West","#e63946"
-95.8105263157895,27.5744680851064,-445.072692871094,"West","#e63946"
-93.6210526315789,27.5744680851064,-487.090026855469,"West","#e63946"
-93.2842105263158,27.5744680851064,-472.310028076172,"West","#e63946"
-96.1473684210526,27.7446808510638,-70.6127014160156,"West","#e63946"
-95.6421052631579,27.7446808510638,-89.9026641845703,"West","#e63946"
-95.4736842105263,27.7446808510638,-138.202667236328,"West","#e63946"
-95.3052631578947,27.7446808510638,-212.752655029297,"West","#e63946"
-95.1368421052632,27.7446808510638,-281.162658691406,"West","#e63946"
-94.9684210526316,27.7446808510638,-334.622650146484,"West","#e63946"
-94.8,27.7446808510638,-331.152648925781,"West","#e63946"
-94.6315789473684,27.7446808510638,-347.439147949219,"West","#e63946"
-94.4631578947368,27.7446808510638,-289.779144287109,"West","#e63946"
-94.2947368421053,27.7446808510638,-244.489151000977,"West","#e63946"
-94.1263157894737,27.7446808510638,-282.589141845703,"West","#e63946"
-93.9578947368421,27.7446808510638,-202.38916015625,"West","#e63946"
-93.7894736842105,27.7446808510638,-184.109161376953,"West","#e63946"
-93.6210526315789,27.7446808510638,-201.86003112793,"West","#e63946"
-93.4526315789474,27.7446808510638,-172.740036010742,"West","#e63946"
-93.2842105263158,27.7446808510638,-189.410034179688,"West","#e63946"
-93.1157894736842,27.7446808510638,-197.550033569336,"West","#e63946"
-92.9473684210526,27.7446808510638,-226.36003112793,"West","#e63946"
-92.7789473684211,27.7446808510638,-411.340026855469,"West","#e63946"
-92.6105263157895,27.7446808510638,-401.900024414062,"West","#e63946"
-92.4421052631579,27.7446808510638,-425.453460693359,"West","#e63946"
-92.2736842105263,27.7446808510638,-410.04345703125,"West","#e63946"
-92.1052631578947,27.7446808510638,-390.413452148438,"West","#e63946"
-91.9368421052632,27.7446808510638,-350.163452148438,"West","#e63946"
-91.7684210526316,27.7446808510638,-349.483459472656,"West","#e63946"
-91.6,27.7446808510638,-461.233459472656,"West","#e63946"
-91.2631578947368,27.7446808510638,-442.871185302734,"West","#e63946"
-91.0947368421053,27.7446808510638,-483.851165771484,"West","#e63946"
-95.4736842105263,27.9148936170213,-71.7426605224609,"West","#e63946"
-95.3052631578947,27.9148936170213,-86.1326599121094,"West","#e63946"
-95.1368421052632,27.9148936170213,-97.4226608276367,"West","#e63946"
-94.9684210526316,27.9148936170213,-109.23265838623,"West","#e63946"
-94.8,27.9148936170213,-112.342658996582,"West","#e63946"
-94.6315789473684,27.9148936170213,-106.019157409668,"West","#e63946"
-94.4631578947368,27.9148936170213,-117.279151916504,"West","#e63946"
-94.2947368421053,27.9148936170213,-96.4791564941406,"West","#e63946"
-94.1263157894737,27.9148936170213,-92.4491577148438,"West","#e63946"
-93.9578947368421,27.9148936170213,-98.9591522216797,"West","#e63946"
-93.7894736842105,27.9148936170213,-100.899154663086,"West","#e63946"
-93.6210526315789,27.9148936170213,-122.090026855469,"West","#e63946"
-93.4526315789474,27.9148936170213,-109.270027160645,"West","#e63946"
-93.2842105263158,27.9148936170213,-113.090026855469,"West","#e63946"
-93.1157894736842,27.9148936170213,-138.300033569336,"West","#e63946"
-92.9473684210526,27.9148936170213,-160.570022583008,"West","#e63946"
-92.7789473684211,27.9148936170213,-219.990036010742,"West","#e63946"
-92.6105263157895,27.9148936170213,-184.190032958984,"West","#e63946"
-92.4421052631579,27.9148936170213,-169.283462524414,"West","#e63946"
-92.2736842105263,27.9148936170213,-171.353469848633,"West","#e63946"
-92.1052631578947,27.9148936170213,-148.543472290039,"West","#e63946"
-91.9368421052632,27.9148936170213,-153.673461914062,"West","#e63946"
-91.7684210526316,27.9148936170213,-165.72346496582,"West","#e63946"
-91.6,27.9148936170213,-234.513473510742,"West","#e63946"
-91.4315789473684,27.9148936170213,-221.531173706055,"West","#e63946"
-91.2631578947368,27.9148936170213,-264.961181640625,"West","#e63946"
-91.0947368421053,27.9148936170213,-245.191177368164,"West","#e63946"
-90.9263157894737,27.9148936170213,-346.871185302734,"West","#e63946"
-90.7578947368421,27.9148936170213,-366.001159667969,"West","#e63946"
-90.5894736842105,27.9148936170213,-435.791168212891,"West","#e63946"
-94.1263157894737,28.0851063829787,-71.4191589355469,"West","#e63946"
-93.9578947368421,28.0851063829787,-71.8191528320312,"West","#e63946"
-93.7894736842105,28.0851063829787,-76.1591567993164,"West","#e63946"
-93.6210526315789,28.0851063829787,-80.4900283813477,"West","#e63946"
-93.4526315789474,28.0851063829787,-87.1700286865234,"West","#e63946"
-93.2842105263158,28.0851063829787,-90.5900268554688,"West","#e63946"
-93.1157894736842,28.0851063829787,-92.8500289916992,"West","#e63946"
-92.9473684210526,28.0851063829787,-93.2900314331055,"West","#e63946"
-92.7789473684211,28.0851063829787,-96.1400299072266,"West","#e63946"
-92.6105263157895,28.0851063829787,-99.0800323486328,"West","#e63946"
-92.4421052631579,28.0851063829787,-92.5434646606445,"West","#e63946"
-92.2736842105263,28.0851063829787,-96.5134658813477,"West","#e63946"
-92.1052631578947,28.0851063829787,-96.7934646606445,"West","#e63946"
-91.9368421052632,28.0851063829787,-94.673469543457,"West","#e63946"
-91.7684210526316,28.0851063829787,-98.9034652709961,"West","#e63946"
-91.6,28.0851063829787,-128.38346862793,"West","#e63946"
-91.4315789473684,28.0851063829787,-131.631164550781,"West","#e63946"
-91.2631578947368,28.0851063829787,-124.21117401123,"West","#e63946"
-91.0947368421053,28.0851063829787,-120.281173706055,"West","#e63946"
-90.9263157894737,28.0851063829787,-157.801177978516,"West","#e63946"
-90.7578947368421,28.0851063829787,-158.581176757812,"West","#e63946"
-90.5894736842105,28.0851063829787,-161.151168823242,"West","#e63946"
-90.4210526315789,28.0851063829787,-220.651168823242,"West","#e63946"
-90.2526315789474,28.0851063829787,-353.698791503906,"West","#e63946"
-90.0842105263158,28.0851063829787,-408.698791503906,"West","#e63946"
-92.6105263157895,28.2553191489362,-70.4946365356445,"West","#e63946"
-92.4421052631579,28.2553191489362,-70.4245834350586,"West","#e63946"
-92.2736842105263,28.2553191489362,-70.8045806884766,"West","#e63946"
-92.1052631578947,28.2553191489362,-71.4145812988281,"West","#e63946"
-91.9368421052632,28.2553191489362,-73.3745803833008,"West","#e63946"
-91.7684210526316,28.2553191489362,-75.314582824707,"West","#e63946"
-91.6,28.2553191489362,-82.4145812988281,"West","#e63946"
-91.4315789473684,28.2553191489362,-86.4923248291016,"West","#e63946"
-91.2631578947368,28.2553191489362,-86.0323257446289,"West","#e63946"
-91.0947368421053,28.2553191489362,-84.63232421875,"West","#e63946"
-90.9263157894737,28.2553191489362,-84.3623275756836,"West","#e63946"
-90.7578947368421,28.2553191489362,-86.1923294067383,"West","#e63946"
-90.5894736842105,28.2553191489362,-84.752326965332,"West","#e63946"
-90.4210526315789,28.2553191489362,-95.0723266601562,"West","#e63946"
-90.2526315789474,28.2553191489362,-137.352249145508,"West","#e63946"
-90.0842105263158,28.2553191489362,-197.752258300781,"West","#e63946"
-89.9157894736842,28.2553191489362,-325.122253417969,"West","#e63946"
-89.7473684210526,28.2553191489362,-479.842254638672,"West","#e63946"
-90.0842105263158,28.4255319148936,-75.312255859375,"West","#e63946"
-89.9157894736842,28.4255319148936,-303.452270507812,"West","#e63946"
-89.7473684210526,28.4255319148936,-466.022247314453,"West","#e63946"
-89.4105263157895,28.4255319148936,-478.352264404297,"West","#e63946"
-89.2421052631579,28.4255319148936,-499.152465820312,"West","#e63946"
-90.0842105263158,28.5957446808511,-111.442253112793,"West","#e63946"
-89.9157894736842,28.5957446808511,-278.05224609375,"West","#e63946"
-89.7473684210526,28.5957446808511,-321.152252197266,"West","#e63946"
-89.5789473684211,28.5957446808511,-185.052261352539,"West","#e63946"
-89.4105263157895,28.5957446808511,-186.452255249023,"West","#e63946"
-89.2421052631579,28.5957446808511,-247.872482299805,"West","#e63946"
-89.0736842105263,28.5957446808511,-437.812469482422,"West","#e63946"
-89.7473684210526,28.7659574468085,-84.1722564697266,"West","#e63946"
-89.5789473684211,28.7659574468085,-98.6422576904297,"West","#e63946"
-89.4105263157895,28.7659574468085,-111.092254638672,"West","#e63946"
-89.2421052631579,28.7659574468085,-158.492477416992,"West","#e63946"
-89.0736842105263,28.7659574468085,-347.572479248047,"West","#e63946"
-89.2421052631579,28.936170212766,-82.2624816894531,"West","#e63946"
-89.0736842105263,28.936170212766,-133.602478027344,"West","#e63946"
-85.3684210526316,28.0851063829787,-432.082641601562,"Central","#457b9d"
-85.5368421052632,28.2553191489362,-378.085021972656,"Central","#457b9d"
-85.3684210526316,28.2553191489362,-314.825012207031,"Central","#457b9d"
-86.2105263157895,28.4255319148936,-440.937072753906,"Central","#457b9d"
-86.0421052631579,28.4255319148936,-385.055023193359,"Central","#457b9d"
-85.8736842105263,28.4255319148936,-339.095031738281,"Central","#457b9d"
-85.7052631578947,28.4255319148936,-300.515014648438,"Central","#457b9d"
-85.5368421052632,28.4255319148936,-219.605026245117,"Central","#457b9d"
-85.3684210526316,28.4255319148936,-191.285018920898,"Central","#457b9d"
-86.3789473684211,28.5957446808511,-472.457061767578,"Central","#457b9d"
-86.2105263157895,28.5957446808511,-371.657073974609,"Central","#457b9d"
-86.0421052631579,28.5957446808511,-331.545013427734,"Central","#457b9d"
-85.8736842105263,28.5957446808511,-297.185028076172,"Central","#457b9d"
-85.7052631578947,28.5957446808511,-261.735015869141,"Central","#457b9d"
-85.5368421052632,28.5957446808511,-195.025024414062,"Central","#457b9d"
-85.3684210526316,28.5957446808511,-174.855026245117,"Central","#457b9d"
-86.5473684210526,28.7659574468085,-481.897064208984,"Central","#457b9d"
-86.3789473684211,28.7659574468085,-421.757049560547,"Central","#457b9d"
-86.2105263157895,28.7659574468085,-338.327056884766,"Central","#457b9d"
-86.0421052631579,28.7659574468085,-307.265014648438,"Central","#457b9d"
-85.8736842105263,28.7659574468085,-274.055023193359,"Central","#457b9d"
-85.7052631578947,28.7659574468085,-234.715026855469,"Central","#457b9d"
-85.5368421052632,28.7659574468085,-175.175018310547,"Central","#457b9d"
-85.3684210526316,28.7659574468085,-144.055023193359,"Central","#457b9d"
-88.9052631578947,28.936170212766,-459.162475585938,"Central","#457b9d"
-86.5473684210526,28.936170212766,-445.47705078125,"Central","#457b9d"
-86.3789473684211,28.936170212766,-393.577056884766,"Central","#457b9d"
-86.2105263157895,28.936170212766,-320.027069091797,"Central","#457b9d"
-86.0421052631579,28.936170212766,-288.605010986328,"Central","#457b9d"
-85.8736842105263,28.936170212766,-252.945022583008,"Central","#457b9d"
-85.7052631578947,28.936170212766,-211.175018310547,"Central","#457b9d"
-85.5368421052632,28.936170212766,-153.745025634766,"Central","#457b9d"
-85.3684210526316,28.936170212766,-106.90502166748,"Central","#457b9d"
-88.9052631578947,29.1063829787234,-73.5624771118164,"Central","#457b9d"
-88.7368421052632,29.1063829787234,-88.5524826049805,"Central","#457b9d"
-88.5684210526316,29.1063829787234,-167.222473144531,"Central","#457b9d"
-88.4,29.1063829787234,-265.422485351562,"Central","#457b9d"
-86.7157894736842,29.1063829787234,-467.377075195312,"Central","#457b9d"
-86.5473684210526,29.1063829787234,-405.837066650391,"Central","#457b9d"
-86.3789473684211,29.1063829787234,-357.507049560547,"Central","#457b9d"
-86.2105263157895,29.1063829787234,-276.167053222656,"Central","#457b9d"
-86.0421052631579,29.1063829787234,-232.565017700195,"Central","#457b9d"
-85.8736842105263,29.1063829787234,-193.305023193359,"Central","#457b9d"
-85.7052631578947,29.1063829787234,-152.255020141602,"Central","#457b9d"
-85.5368421052632,29.1063829787234,-84.7350158691406,"Central","#457b9d"
-88.4,29.2765957446809,-88.2045593261719,"Central","#457b9d"
-88.2315789473684,29.2765957446809,-125.926986694336,"Central","#457b9d"
-88.0631578947368,29.2765957446809,-195.946990966797,"Central","#457b9d"
-87.8947368421053,29.2765957446809,-256.006988525391,"Central","#457b9d"
-87.7263157894737,29.2765957446809,-364.096984863281,"Central","#457b9d"
-86.7157894736842,29.2765957446809,-442.822631835938,"Central","#457b9d"
-86.5473684210526,29.2765957446809,-380.362640380859,"Central","#457b9d"
-86.3789473684211,29.2765957446809,-328.422637939453,"Central","#457b9d"
-86.2105263157895,29.2765957446809,-228.27262878418,"Central","#457b9d"
-86.0421052631579,29.2765957446809,-181.131225585938,"Central","#457b9d"
-85.8736842105263,29.2765957446809,-127.931228637695,"Central","#457b9d"
-85.7052631578947,29.2765957446809,-88.7812271118164,"Central","#457b9d"
-88.0631578947368,29.4468085106383,-71.0769882202148,"Central","#457b9d"
-87.8947368421053,29.4468085106383,-77.8769836425781,"Central","#457b9d"
-87.7263157894737,29.4468085106383,-80.0969848632812,"Central","#457b9d"
-87.5578947368421,29.4468085106383,-209.066986083984,"Central","#457b9d"
-87.3894736842105,29.4468085106383,-404.426971435547,"Central","#457b9d"
-87.2210526315789,29.4468085106383,-494.816986083984,"Central","#457b9d"
-86.8842105263158,29.4468085106383,-492.542633056641,"Central","#457b9d"
-86.7157894736842,29.4468085106383,-392.672637939453,"Central","#457b9d"
-86.5473684210526,29.4468085106383,-322.042633056641,"Central","#457b9d"
-86.3789473684211,29.4468085106383,-257.962615966797,"Central","#457b9d"
-86.2105263157895,29.4468085106383,-153.752624511719,"Central","#457b9d"
-86.0421052631579,29.4468085106383,-97.4812240600586,"Central","#457b9d"
-87.3894736842105,29.6170212765957,-143.336990356445,"Central","#457b9d"
-87.2210526315789,29.6170212765957,-308.766998291016,"Central","#457b9d"
-87.0526315789474,29.6170212765957,-351.582641601562,"Central","#457b9d"
-86.8842105263158,29.6170212765957,-329.572631835938,"Central","#457b9d"
-86.7157894736842,29.6170212765957,-273.312622070312,"Central","#457b9d"
-86.5473684210526,29.6170212765957,-227.052627563477,"Central","#457b9d"
-86.3789473684211,29.6170212765957,-183.292633056641,"Central","#457b9d"
-86.2105263157895,29.6170212765957,-103.472625732422,"Central","#457b9d"
-86.0421052631579,29.6170212765957,-70.7312240600586,"Central","#457b9d"
-87.2210526315789,29.7872340425532,-106.73698425293,"Central","#457b9d"
-87.0526315789474,29.7872340425532,-180.342620849609,"Central","#457b9d"
-86.8842105263158,29.7872340425532,-173.232620239258,"Central","#457b9d"
-86.7157894736842,29.7872340425532,-150.992630004883,"Central","#457b9d"
-86.5473684210526,29.7872340425532,-127.02262878418,"Central","#457b9d"
-86.3789473684211,29.7872340425532,-102.242630004883,"Central","#457b9d"
-87.0526315789474,29.9574468085106,-78.8426284790039,"Central","#457b9d"
-86.8842105263158,29.9574468085106,-144.472625732422,"Central","#457b9d"
-86.7157894736842,29.9574468085106,-123.042625427246,"Central","#457b9d"
-86.5473684210526,29.9574468085106,-95.9626235961914,"Central","#457b9d"
-86.3789473684211,29.9574468085106,-71.942626953125,"Central","#457b9d"
-86.8842105263158,30.1276595744681,-97.7326278686523,"Central","#457b9d"
-86.7157894736842,30.1276595744681,-76.0826263427734,"Central","#457b9d"
-83.5157894736842,24.5106382978723,-110.455085754395,"WFS","#2a9d8f"
-83.8526315789474,24.6808510638298,-381.375091552734,"WFS","#2a9d8f"
-83.6842105263158,24.6808510638298,-143.825088500977,"WFS","#2a9d8f"
-84.1894736842105,24.8510638297872,-479.612701416016,"WFS","#2a9d8f"
-84.021052631579,24.8510638297872,-245.662719726562,"WFS","#2a9d8f"
-83.8526315789474,24.8510638297872,-122.455085754395,"WFS","#2a9d8f"
-83.6842105263158,24.8510638297872,-84.2750854492188,"WFS","#2a9d8f"
-84.1894736842105,25.0212765957447,-182.822647094727,"WFS","#2a9d8f"
-84.021052631579,25.0212765957447,-138.302642822266,"WFS","#2a9d8f"
-83.8526315789474,25.0212765957447,-122.242500305176,"WFS","#2a9d8f"
-83.6842105263158,25.0212765957447,-104.042495727539,"WFS","#2a9d8f"
-83.5157894736842,25.0212765957447,-72.2924957275391,"WFS","#2a9d8f"
-84.1894736842105,25.1914893617021,-154.652648925781,"WFS","#2a9d8f"
-84.021052631579,25.1914893617021,-138.462646484375,"WFS","#2a9d8f"
-83.8526315789474,25.1914893617021,-124.252502441406,"WFS","#2a9d8f"
-83.6842105263158,25.1914893617021,-106.722496032715,"WFS","#2a9d8f"
-83.5157894736842,25.1914893617021,-72.0824966430664,"WFS","#2a9d8f"
-84.3578947368421,25.3617021276596,-483.042633056641,"WFS","#2a9d8f"
-84.1894736842105,25.3617021276596,-155.482650756836,"WFS","#2a9d8f"
-84.021052631579,25.3617021276596,-142.582641601562,"WFS","#2a9d8f"
-83.8526315789474,25.3617021276596,-127.07250213623,"WFS","#2a9d8f"
-83.6842105263158,25.3617021276596,-107.132499694824,"WFS","#2a9d8f"
-83.5157894736842,25.3617021276596,-72.7125015258789,"WFS","#2a9d8f"
-84.3578947368421,25.531914893617,-343.772644042969,"WFS","#2a9d8f"
-84.1894736842105,25.531914893617,-159.232650756836,"WFS","#2a9d8f"
-84.021052631579,25.531914893617,-145.422653198242,"WFS","#2a9d8f"
-83.8526315789474,25.531914893617,-128.392501831055,"WFS","#2a9d8f"
-83.6842105263158,25.531914893617,-105.8125,"WFS","#2a9d8f"
-83.5157894736842,25.531914893617,-71.4124984741211,"WFS","#2a9d8f"
-84.5263157894737,25.7021276595745,-471.732635498047,"WFS","#2a9d8f"
-84.3578947368421,25.7021276595745,-227.722640991211,"WFS","#2a9d8f"
-84.1894736842105,25.7021276595745,-164.722640991211,"WFS","#2a9d8f"
-84.021052631579,25.7021276595745,-147.992645263672,"WFS","#2a9d8f"
-83.8526315789474,25.7021276595745,-130.202499389648,"WFS","#2a9d8f"
-83.6842105263158,25.7021276595745,-105.122497558594,"WFS","#2a9d8f"
-83.5157894736842,25.7021276595745,-70.182502746582,"WFS","#2a9d8f"
-84.5263157894737,25.8723404255319,-355.932647705078,"WFS","#2a9d8f"
-84.3578947368421,25.8723404255319,-218.002639770508,"WFS","#2a9d8f"
-84.1894736842105,25.8723404255319,-170.002639770508,"WFS","#2a9d8f"
-84.021052631579,25.8723404255319,-149.562652587891,"WFS","#2a9d8f"
-83.8526315789474,25.8723404255319,-129.502502441406,"WFS","#2a9d8f"
-83.6842105263158,25.8723404255319,-100.582496643066,"WFS","#2a9d8f"
-84.5263157894737,26.0425531914894,-282.564819335938,"WFS","#2a9d8f"
-84.3578947368421,26.0425531914894,-217.684799194336,"WFS","#2a9d8f"
-84.1894736842105,26.0425531914894,-170.904800415039,"WFS","#2a9d8f"
-84.021052631579,26.0425531914894,-147.794799804688,"WFS","#2a9d8f"
-83.8526315789474,26.0425531914894,-125.932495117188,"WFS","#2a9d8f"
-83.6842105263158,26.0425531914894,-99.7324981689453,"WFS","#2a9d8f"
-84.5263157894737,26.2127659574468,-240.624801635742,"WFS","#2a9d8f"
-84.3578947368421,26.2127659574468,-212.754806518555,"WFS","#2a9d8f"
-84.1894736842105,26.2127659574468,-169.044799804688,"WFS","#2a9d8f"
-84.021052631579,26.2127659574468,-146.134811401367,"WFS","#2a9d8f"
-83.8526315789474,26.2127659574468,-124.192497253418,"WFS","#2a9d8f"
-83.6842105263158,26.2127659574468,-95.7624969482422,"WFS","#2a9d8f"
-84.6947368421053,26.3829787234043,-341.664794921875,"WFS","#2a9d8f"
-84.5263157894737,26.3829787234043,-217.934799194336,"WFS","#2a9d8f"
-84.3578947368421,26.3829787234043,-201.634811401367,"WFS","#2a9d8f"
-84.1894736842105,26.3829787234043,-156.314804077148,"WFS","#2a9d8f"
-84.021052631579,26.3829787234043,-138.654800415039,"WFS","#2a9d8f"
-83.8526315789474,26.3829787234043,-117.162498474121,"WFS","#2a9d8f"
-83.6842105263158,26.3829787234043,-89.3824920654297,"WFS","#2a9d8f"
-84.6947368421053,26.5531914893617,-290.764801025391,"WFS","#2a9d8f"
-84.5263157894737,26.5531914893617,-211.564804077148,"WFS","#2a9d8f"
-84.3578947368421,26.5531914893617,-196.994812011719,"WFS","#2a9d8f"
-84.1894736842105,26.5531914893617,-148.054809570312,"WFS","#2a9d8f"
-84.021052631579,26.5531914893617,-130.724807739258,"WFS","#2a9d8f"
-83.8526315789474,26.5531914893617,-105.80249786377,"WFS","#2a9d8f"
-83.6842105263158,26.5531914893617,-82.7924957275391,"WFS","#2a9d8f"
-84.6947368421053,26.7234042553191,-266.154815673828,"WFS","#2a9d8f"
-84.5263157894737,26.7234042553191,-205.864807128906,"WFS","#2a9d8f"
-84.3578947368421,26.7234042553191,-187.994812011719,"WFS","#2a9d8f"
-84.1894736842105,26.7234042553191,-137.9248046875,"WFS","#2a9d8f"
-84.021052631579,26.7234042553191,-117.254806518555,"WFS","#2a9d8f"
-83.8526315789474,26.7234042553191,-90.5924987792969,"WFS","#2a9d8f"
-83.6842105263158,26.7234042553191,-76.5024948120117,"WFS","#2a9d8f"
-84.6947368421053,26.8936170212766,-248.754806518555,"WFS","#2a9d8f"
-84.5263157894737,26.8936170212766,-204.474807739258,"WFS","#2a9d8f"
-84.3578947368421,26.8936170212766,-173.964797973633,"WFS","#2a9d8f"
-84.1894736842105,26.8936170212766,-128.054809570312,"WFS","#2a9d8f"
-84.021052631579,26.8936170212766,-97.4048080444336,"WFS","#2a9d8f"
-83.8526315789474,26.8936170212766,-81.8124923706055,"WFS","#2a9d8f"
-84.8631578947368,27.063829787234,-343.709991455078,"WFS","#2a9d8f"
-84.6947368421053,27.063829787234,-225.169982910156,"WFS","#2a9d8f"
-84.5263157894737,27.063829787234,-187.649978637695,"WFS","#2a9d8f"
-84.3578947368421,27.063829787234,-159.849990844727,"WFS","#2a9d8f"
-84.1894736842105,27.063829787234,-107.299987792969,"WFS","#2a9d8f"
-84.021052631579,27.063829787234,-82.8399887084961,"WFS","#2a9d8f"
-83.8526315789474,27.063829787234,-70.9050064086914,"WFS","#2a9d8f"
-84.8631578947368,27.2340425531915,-320.989990234375,"WFS","#2a9d8f"
-84.6947368421053,27.2340425531915,-223.22998046875,"WFS","#2a9d8f"
-84.5263157894737,27.2340425531915,-175.119979858398,"WFS","#2a9d8f"
-84.3578947368421,27.2340425531915,-147.72998046875,"WFS","#2a9d8f"
-84.1894736842105,27.2340425531915,-92.5099868774414,"WFS","#2a9d8f"
-84.021052631579,27.2340425531915,-77.0899887084961,"WFS","#2a9d8f"
-84.8631578947368,27.4042553191489,-298.659973144531,"WFS","#2a9d8f"
-84.6947368421053,27.4042553191489,-219.119979858398,"WFS","#2a9d8f"
-84.5263157894737,27.4042553191489,-166.639984130859,"WFS","#2a9d8f"
-84.3578947368421,27.4042553191489,-133.469985961914,"WFS","#2a9d8f"
-84.1894736842105,27.4042553191489,-79.7499847412109,"WFS","#2a9d8f"
-84.021052631579,27.4042553191489,-71.1799850463867,"WFS","#2a9d8f"
-84.8631578947368,27.5744680851064,-279.019989013672,"WFS","#2a9d8f"
-84.6947368421053,27.5744680851064,-213.47998046875,"WFS","#2a9d8f"
-84.5263157894737,27.5744680851064,-160.81999206543,"WFS","#2a9d8f"
-84.3578947368421,27.5744680851064,-126.019989013672,"WFS","#2a9d8f"
-84.1894736842105,27.5744680851064,-72.3199844360352,"WFS","#2a9d8f"
-85.0315789473684,27.7446808510638,-424.912628173828,"WFS","#2a9d8f"
-84.8631578947368,27.7446808510638,-248.719985961914,"WFS","#2a9d8f"
-84.6947368421053,27.7446808510638,-199.079986572266,"WFS","#2a9d8f"
-84.5263157894737,27.7446808510638,-147.589981079102,"WFS","#2a9d8f"
-84.3578947368421,27.7446808510638,-98.7099838256836,"WFS","#2a9d8f"
-85.2,27.9148936170213,-460.502624511719,"WFS","#2a9d8f"
-85.0315789473684,27.9148936170213,-363.292633056641,"WFS","#2a9d8f"
-84.8631578947368,27.9148936170213,-223.419982910156,"WFS","#2a9d8f"
-84.6947368421053,27.9148936170213,-169.919982910156,"WFS","#2a9d8f"
-84.5263157894737,27.9148936170213,-113.369987487793,"WFS","#2a9d8f"
-84.3578947368421,27.9148936170213,-82.2299880981445,"WFS","#2a9d8f"
-85.2,28.0851063829787,-351.092620849609,"WFS","#2a9d8f"
-85.0315789473684,28.0851063829787,-280.292633056641,"WFS","#2a9d8f"
-84.8631578947368,28.0851063829787,-170.579986572266,"WFS","#2a9d8f"
-84.6947368421053,28.0851063829787,-115.65998840332,"WFS","#2a9d8f"
-84.5263157894737,28.0851063829787,-81.8199844360352,"WFS","#2a9d8f"
-84.3578947368421,28.0851063829787,-70.6099853515625,"WFS","#2a9d8f"
-85.2,28.2553191489362,-257.575012207031,"WFS","#2a9d8f"
-85.0315789473684,28.2553191489362,-207.155014038086,"WFS","#2a9d8f"
-84.8631578947368,28.2553191489362,-117.852500915527,"WFS","#2a9d8f"
-84.6947368421053,28.2553191489362,-79.5424957275391,"WFS","#2a9d8f"
-84.5263157894737,28.2553191489362,-71.2825012207031,"WFS","#2a9d8f"
-85.2,28.4255319148936,-171.195022583008,"WFS","#2a9d8f"
-85.0315789473684,28.4255319148936,-145.815017700195,"WFS","#2a9d8f"
-85.2,28.5957446808511,-152.575012207031,"WFS","#2a9d8f"
-85.0315789473684,28.5957446808511,-125.275016784668,"WFS","#2a9d8f"
-85.2,28.7659574468085,-124.63501739502,"WFS","#2a9d8f"
-85.0315789473684,28.7659574468085,-98.8050231933594,"WFS","#2a9d8f"
-85.2,28.936170212766,-89.1650161743164,"WFS","#2a9d8f"
