"indicator","% area","Species Richness"
"unit","Stony Coral","Stony Coral"
"extent","West Flower Garden Banks","West Flower Garden Banks"
"1991","46.5",NA
"1992","53.00583513","8.555555556"
"1993",NA,NA
"1994","50.65243152","8.266666667"
"1995","53.10074872","8.222222222"
"1996","48.68545194","10.125"
"1997","44.67423101","10.375"
"1998","47.22303773","8"
"1999","55.99914821","10.2"
"2000","60.18095303","10.66666667"
"2001","54.51428005","9.7"
"2002","54.53179918","9.8"
"2003","55.84698125","10.14285714"
"2004","59.36","6.75"
"2005","52.73","7.25"
"2006","57.63","6.4375"
"2007","55.77","7.4375"
"2008","58.99","6.875"
"2009","52.43682207","7.75"
"2010","62.03755088","7.4375"
"2011","59.30267324","9.5"
"2012","54.63139502","9.5"
"2013","58.77393412","9.375"
"2014","59.88819234","9.6875"
"2015","57.38484584","9.0625"
"2016","57.64057977","9.375"
"2017","55.77302665","8.625"
"2018","55.20228924","7.5625"
"2019","59.96172277","9.5"
"2020",NA,NA
"2021",NA,NA
"2022","56.30812961","8.125"
"2023","53.93358408","9.4375"
"2024","62.13597233","8.4375"
"2025","60.46348099","7.6875"
