"indicator","Stony Coral"
"unit","% cover"
"extent","Dry Tortugas"
"1999","17.81583333"
"2000","16.02916667"
"2001","15.59666667"
"2002","12.88416667"
"2003","13.57416667"
"2004","9.1156"
"2005","8.497037037"
"2006","6.661851852"
"2007","6.814814815"
"2008","7.551111111"
"2009","8.153589744"
"2010","8.071794872"
"2011","8.73"
"2012","8.768717949"
"2013","8.33974359"
"2014","9.306153846"
"2015","8.572307692"
"2016","8.572051282"
"2017","8.079230769"
"2018","7.466923077"
"2019","8.018717949"
"2020","8.321794872"
"2021","8.523076923"
"2022","6.942051282"
"2023","4.588205128"
"2024","2.814871795"
"2025","2.5195"
