"indicator","Fuel Price","Fuel Price"
"unit","Gasoline $/gallon (2025 USD)","Diesel $/gallon (2025 USD)"
"extent","Gulf-wide","Gulf-wide"
"1995-01","2.204","2.042"
"1995-02","2.181","2.021"
"1995-03","2.164","2.010"
"1995-04","2.226","2.046"
"1995-05","2.360","2.081"
"1995-06","2.387","2.066"
"1995-07","2.318","2.024"
"1995-08","2.232","2.026"
"1995-09","2.185","2.063"
"1995-10","2.132","2.037"
"1995-11","2.078","2.036"
"1995-12","2.084","2.055"
"1996-01","2.126","2.092"
"1996-02","2.122","2.086"
"1996-03","2.210","2.170"
"1996-04","2.390","2.310"
"1996-05","2.450","2.258"
"1996-06","2.406","2.143"
"1996-07","2.340","2.099"
"1996-08","2.303","2.153"
"1996-09","2.288","2.273"
"1996-10","2.292","2.406"
"1996-11","2.344","2.388"
"1996-12","2.359","2.365"
"1997-01","2.345","2.330"
"1997-02","2.339","2.279"
"1997-03","2.295","2.178"
"1997-04","2.269","2.145"
"1997-05","2.244","2.138"
"1997-06","2.238","2.115"
"1997-07","2.202","2.077"
"1997-08","2.260","2.098"
"1997-09","2.270","2.079"
"1997-10","2.221","2.126"
"1997-11","2.170","2.133"
"1997-12","2.119","2.093"
"1998-01","2.059","2.021"
"1998-02","1.987","1.952"
"1998-03","1.930","1.906"
"1998-04","1.934","1.912"
"1998-05","1.923","1.909"
"1998-06","1.902","1.857"
"1998-07","1.885","1.836"
"1998-08","1.843","1.794"
"1998-09","1.803","1.815"
"1998-10","1.835","1.848"
"1998-11","1.796","1.810"
"1998-12","1.719","1.714"
"1999-01","1.705","1.703"
"1999-02","1.687","1.690"
"1999-03","1.746","1.742"
"1999-04","1.955","1.883"
"1999-05","1.981","1.868"
"1999-06","1.972","1.851"
"1999-07","2.031","1.946"
"1999-08","2.136","2.034"
"1999-09","2.209","2.118"
"1999-10","2.234","2.130"
"1999-11","2.228","2.176"
"1999-12","2.269","2.241"
"2000-01","2.277","2.350"
"2000-02","2.417","2.474"
"2000-03","2.674","2.526"
"2000-04","2.593","2.420"
"2000-05","2.591","2.415"
"2000-06","2.711","2.408"
"2000-07","2.723","2.442"
"2000-08","2.571","2.504"
"2000-09","2.624","2.776"
"2000-10","2.588","2.761"
"2000-11","2.552","2.745"
"2000-12","2.442","2.604"
"2001-01","2.461","2.530"
"2001-02","2.488","2.497"
"2001-03","2.399","2.316"
"2001-04","2.627","2.344"
"2001-05","2.794","2.446"
"2001-06","2.668","2.465"
"2001-07","2.323","2.311"
"2001-08","2.295","2.283"
"2001-09","2.440","2.423"
"2001-10","2.183","2.198"
"2001-11","1.926","2.051"
"2001-12","1.814","1.919"
"2002-01","1.869","1.913"
"2002-02","1.865","1.913"
"2002-03","2.086","2.044"
"2002-04","2.339","2.165"
"2002-05","2.324","2.161"
"2002-06","2.283","2.115"
"2002-07","2.278","2.137"
"2002-08","2.288","2.181"
"2002-09","2.303","2.310"
"2002-10","2.409","2.409"
"2002-11","2.364","2.291"
"2002-12","2.313","2.311"
"2003-01","2.428","2.445"
"2003-02","2.662","2.712"
"2003-03","2.724","2.735"
"2003-04","2.542","2.408"
"2003-05","2.374","2.292"
"2003-06","2.374","2.274"
"2003-07","2.441","2.297"
"2003-08","2.578","2.379"
"2003-09","2.600","2.327"
"2003-10","2.420","2.358"
"2003-11","2.371","2.358"
"2003-12","2.362","2.370"
"2004-01","2.527","2.486"
"2004-02","2.611","2.503"
"2004-03","2.702","2.558"
"2004-04","2.805","2.630"
"2004-05","3.080","2.684"
"2004-06","3.077","2.646"
"2004-07","2.980","2.697"
"2004-08","2.948","2.871"
"2004-09","2.913","3.009"
"2004-10","3.095","3.326"
"2004-11","3.066","3.328"
"2004-12","2.857","3.095"
"2005-01","2.851","3.034"
"2005-02","2.954","3.108"
"2005-03","3.221","3.402"
"2005-04","3.473","3.517"
"2005-05","3.316","3.389"
"2005-06","3.313","3.545"
"2005-07","3.505","3.625"
"2005-08","3.823","3.781"
"2005-09","4.389","4.308"
"2005-10","4.275","4.826"
"2005-11","3.490","3.955"
"2005-12","3.364","3.746"
"2006-01","3.546","3.753"
"2006-02","3.449","3.761"
"2006-03","3.698","3.864"
"2006-04","4.244","4.100"
"2006-05","4.342","4.293"
"2006-06","4.289","4.312"
"2006-07","4.417","4.372"
"2006-08","4.375","4.470"
"2006-09","3.769","4.085"
"2006-10","3.280","3.727"
"2006-11","3.244","3.727"
"2006-12","3.372","3.803"
"2007-01","3.233","3.617"
"2007-02","3.243","3.613"
"2007-03","3.654","3.921"
"2007-04","4.120","4.168"
"2007-05","4.504","4.075"
"2007-06","4.429","4.084"
"2007-07","4.298","4.140"
"2007-08","4.045","4.138"
"2007-09","4.031","4.267"
"2007-10","4.036","4.393"
"2007-11","4.417","4.872"
"2007-12","4.310","4.816"
"2008-01","4.372","4.776"
"2008-02","4.368","4.894"
"2008-03","4.687","5.603"
"2008-04","4.987","5.872"
"2008-05","5.413","6.367"
"2008-06","5.762","6.743"
"2008-07","5.784","6.783"
"2008-08","5.350","6.151"
"2008-09","5.331","5.768"
"2008-10","4.278","5.110"
"2008-11","3.000","4.068"
"2008-12","2.385","3.457"
"2009-01","2.481","3.213"
"2009-02","2.705","3.089"
"2009-03","2.770","2.973"
"2009-04","2.913","3.170"
"2009-05","3.199","3.185"
"2009-06","3.687","3.613"
"2009-07","3.528","3.606"
"2009-08","3.671","3.741"
"2009-09","3.494","3.680"
"2009-10","3.539","3.761"
"2009-11","3.713","3.945"
"2009-12","3.646","3.885"
"2010-01","3.802","4.037"
"2010-02","3.699","3.945"
"2010-03","3.900","4.128"
"2010-04","4.001","4.322"
"2010-05","3.992","4.325"
"2010-06","3.793","4.133"
"2010-07","3.753","4.086"
"2010-08","3.767","4.154"
"2010-09","3.709","4.103"
"2010-10","3.845","4.213"
"2010-11","3.883","4.329"
"2010-12","4.098","4.493"
"2011-01","4.238","4.716"
"2011-02","4.400","4.978"
"2011-03","4.908","5.399"
"2011-04","5.226","5.602"
"2011-05","5.343","5.573"
"2011-06","5.008","5.418"
"2011-07","4.994","5.388"
"2011-08","4.980","5.322"
"2011-09","4.847","5.248"
"2011-10","4.626","5.182"
"2011-11","4.513","5.368"
"2011-12","4.345","5.224"
"2012-01","4.527","5.204"
"2012-02","4.861","5.361"
"2012-03","5.161","5.579"
"2012-04","5.285","5.549"
"2012-05","4.936","5.349"
"2012-06","4.601","5.054"
"2012-07","4.501","4.992"
"2012-08","4.890","5.306"
"2012-09","5.059","5.493"
"2012-10","4.845","5.449"
"2012-11","4.455","5.301"
"2012-12","4.309","5.248"
"2013-01","4.389","5.210"
"2013-02","4.800","5.461"
"2013-03","4.891","5.432"
"2013-04","4.678","5.208"
"2013-05","4.641","5.086"
"2013-06","4.641","5.070"
"2013-07","4.698","5.121"
"2013-08","4.680","5.160"
"2013-09","4.541","5.213"
"2013-10","4.281","5.097"
"2013-11","4.178","5.033"
"2013-12","4.242","5.055"
"2014-01","4.257","5.055"
"2014-02","4.296","5.058"
"2014-03","4.478","5.069"
"2014-04","4.707","5.065"
"2014-05","4.677","5.041"
"2014-06","4.681","5.026"
"2014-07","4.621","5.009"
"2014-08","4.430","4.951"
"2014-09","4.310","4.897"
"2014-10","4.032","4.775"
"2014-11","3.670","4.673"
"2014-12","3.170","4.377"
"2015-01","2.629","3.846"
"2015-02","2.768","3.671"
"2015-03","3.027","3.627"
"2015-04","3.050","3.491"
"2015-05","3.324","3.654"
"2015-06","3.456","3.636"
"2015-07","3.390","3.511"
"2015-08","3.150","3.222"
"2015-09","2.834","3.084"
"2015-10","2.762","3.044"
"2015-11","2.622","3.001"
"2015-12","2.480","2.873"
"2016-01","2.360","2.677"
"2016-02","2.175","2.472"
"2016-03","2.433","2.581"
"2016-04","2.594","2.643"
"2016-05","2.777","2.843"
"2016-06","2.897","2.984"
"2016-07","2.776","2.943"
"2016-08","2.688","2.887"
"2016-09","2.710","2.917"
"2016-10","2.784","3.014"
"2016-11","2.674","2.989"
"2016-12","2.765","3.088"
"2017-01","2.893","3.133"
"2017-02","2.811","3.118"
"2017-03","2.822","3.089"
"2017-04","2.964","3.140"
"2017-05","2.916","3.090"
"2017-06","2.856","3.018"
"2017-07","2.766","2.979"
"2017-08","2.890","3.083"
"2017-09","3.301","3.353"
"2017-10","3.053","3.327"
"2017-11","3.040","3.417"
"2017-12","2.942","3.427"
"2018-01","3.038","3.555"
"2018-02","3.064","3.576"
"2018-03","3.061","3.518"
"2018-04","3.285","3.637"
"2018-05","3.414","3.781"
"2018-06","3.423","3.779"
"2018-07","3.326","3.746"
"2018-08","3.296","3.732"
"2018-09","3.271","3.793"
"2018-10","3.304","3.902"
"2018-11","2.994","3.809"
"2018-12","2.602","3.606"
"2019-01","2.465","3.466"
"2019-02","2.579","3.470"
"2019-03","2.887","3.552"
"2019-04","3.178","3.579"
"2019-05","3.181","3.582"
"2019-06","2.981","3.487"
"2019-07","3.065","3.444"
"2019-08","2.922","3.390"
"2019-09","2.877","3.417"
"2019-10","2.863","3.435"
"2019-11","2.826","3.414"
"2019-12","2.813","3.389"
"2020-01","2.824","3.418"
"2020-02","2.665","3.257"
"2020-03","2.472","3.051"
"2020-04","2.009","2.777"
"2020-05","1.963","2.658"
"2020-06","2.224","2.660"
"2020-07","2.354","2.669"
"2020-08","2.334","2.640"
"2020-09","2.332","2.620"
"2020-10","2.301","2.588"
"2020-11","2.229","2.626"
"2020-12","2.349","2.805"
"2021-01","2.522","2.917"
"2021-02","2.710","3.096"
"2021-03","3.096","3.478"
"2021-04","3.118","3.442"
"2021-05","3.241","3.506"
"2021-06","3.274","3.541"
"2021-07","3.344","3.569"
"2021-08","3.331","3.540"
"2021-09","3.318","3.572"
"2021-10","3.448","3.831"
"2021-11","3.543","3.934"
"2021-12","3.396","3.784"
"2022-01","3.403","3.873"
"2022-02","3.648","4.226"
"2022-03","4.399","5.445"
"2022-04","4.204","5.347"
"2022-05","4.534","5.702"
"2022-06","5.034","5.838"
"2022-07","4.501","5.538"
"2022-08","3.832","5.057"
"2022-09","3.472","5.053"
"2022-10","3.524","5.216"
"2022-11","3.352","5.137"
"2022-12","2.972","4.573"
"2023-01","3.254","4.525"
"2023-02","3.258","4.358"
"2023-03","3.290","4.168"
"2023-04","3.503","4.064"
"2023-05","3.326","3.797"
"2023-06","3.360","3.662"
"2023-07","3.439","3.746"
"2023-08","3.654","4.246"
"2023-09","3.600","4.421"
"2023-10","3.319","4.325"
"2023-11","2.992","4.041"
"2023-12","2.832","3.762"
"2024-01","2.865","3.695"
"2024-02","3.017","3.903"
"2024-03","3.214","3.822"
"2024-04","3.356","3.790"
"2024-05","3.324","3.614"
"2024-06","3.160","3.524"
"2024-07","3.230","3.592"
"2024-08","3.124","3.429"
"2024-09","2.903","3.256"
"2024-10","2.841","3.302"
"2024-11","2.758","3.215"
"2024-12","2.723","3.206"
"2025-01","2.791","3.375"
"2025-02","2.816","3.407"
"2025-03","2.784","3.287"
"2025-04","2.836","3.243"
"2025-05","2.823","3.156"
"2025-06","2.829","3.227"
