"indicator","Karenia brevis Bloom Intensity (Regional Average)"
"unit","Mean Log Concentration (>10k Cells)"
"extent","Florida Gulf Coast"
"1985","NaN"
"1985.08333333333","NaN"
"1985.16666666667","NaN"
"1985.25","NaN"
"1985.33333333333","NaN"
"1985.41666666667","NaN"
"1985.5","NaN"
"1985.58333333333","NaN"
"1985.66666666667","103494.928382605"
"1985.75","87495.2547877285"
"1985.83333333333","246802.80939817"
"1985.91666666667","NaN"
"1986","NaN"
"1986.08333333333","NaN"
"1986.16666666667","NaN"
"1986.25","NaN"
"1986.33333333333","NaN"
"1986.41666666667","NaN"
"1986.5","NaN"
"1986.58333333333","NaN"
"1986.66666666667","407780.027346737"
"1986.75","191751.385038184"
"1986.83333333333","44904.8131510417"
"1986.91666666667","24467.1911417643"
"1987","20558.8993896484"
"1987.08333333333","709559.50578801"
"1987.16666666667","NaN"
"1987.25","NaN"
"1987.33333333333","120132.183227657"
"1987.41666666667","27181.634765625"
"1987.5","NaN"
"1987.58333333333","NaN"
"1987.66666666667","14319.1572265625"
"1987.75","NaN"
"1987.83333333333","NaN"
"1987.91666666667","NaN"
"1988","NaN"
"1988.08333333333","NaN"
"1988.16666666667","NaN"
"1988.25","NaN"
"1988.33333333333","NaN"
"1988.41666666667","NaN"
"1988.5","NaN"
"1988.58333333333","NaN"
"1988.66666666667","NaN"
"1988.75","103948.569473354"
"1988.83333333333","1399239.52103175"
"1988.91666666667","NaN"
"1989","NaN"
"1989.08333333333","NaN"
"1989.16666666667","41717.6867397375"
"1989.25","225963.875"
"1989.33333333333","NaN"
"1989.41666666667","NaN"
"1989.5","NaN"
"1989.58333333333","NaN"
"1989.66666666667","NaN"
"1989.75","NaN"
"1989.83333333333","NaN"
"1989.91666666667","NaN"
"1990","NaN"
"1990.08333333333","205206.933125"
"1990.16666666667","NaN"
"1990.25","NaN"
"1990.33333333333","NaN"
"1990.41666666667","NaN"
"1990.5","12241.5730678013"
"1990.58333333333","NaN"
"1990.66666666667","20790.6856853813"
"1990.75","NaN"
"1990.83333333333","NaN"
"1990.91666666667","NaN"
"1991","22638.0520917039"
"1991.08333333333","NaN"
"1991.16666666667","NaN"
"1991.25","NaN"
"1991.33333333333","NaN"
"1991.41666666667","NaN"
"1991.5","2973367.22083333"
"1991.58333333333","106820.954211812"
"1991.66666666667","36536.2303222656"
"1991.75","23464.638671875"
"1991.83333333333","NaN"
"1991.91666666667","NaN"
"1992","NaN"
"1992.08333333333","NaN"
"1992.16666666667","NaN"
"1992.25","NaN"
"1992.33333333333","NaN"
"1992.41666666667","NaN"
"1992.5","NaN"
"1992.58333333333","NaN"
"1992.66666666667","1493497.1450614"
"1992.75","60449.05078125"
"1992.83333333333","235889.873140938"
"1992.91666666667","127345.952016679"
"1993","NaN"
"1993.08333333333","NaN"
"1993.16666666667","NaN"
"1993.25","NaN"
"1993.33333333333","NaN"
"1993.41666666667","NaN"
"1993.5","NaN"
"1993.58333333333","NaN"
"1993.66666666667","NaN"
"1993.75","NaN"
"1993.83333333333","NaN"
"1993.91666666667","NaN"
"1994","NaN"
"1994.08333333333","NaN"
"1994.16666666667","NaN"
"1994.25","NaN"
"1994.33333333333","NaN"
"1994.41666666667","NaN"
"1994.5","NaN"
"1994.58333333333","NaN"
"1994.66666666667","6556372.69734848"
"1994.75","141774.199083094"
"1994.83333333333","249793.802125703"
"1994.91666666667","1096724.87578732"
"1995","233733.371399854"
"1995.08333333333","191999.23030574"
"1995.16666666667","NaN"
"1995.25","814090.230037823"
"1995.33333333333","450780.400147379"
"1995.41666666667","363770.745492104"
"1995.5","230327.574342105"
"1995.58333333333","81406.4955199491"
"1995.66666666667","194686.561535909"
"1995.75","19215.1687089224"
"1995.83333333333","22625.4726027716"
"1995.91666666667","216025.680210658"
"1996","107655.4765625"
"1996.08333333333","2793685.64614246"
"1996.16666666667","243692.69021622"
"1996.25","59844.5411939871"
"1996.33333333333","65285.2522426491"
"1996.41666666667","138208.9375"
"1996.5","10623.5575086806"
"1996.58333333333","13854.9434652991"
"1996.66666666667","30684.4295512635"
"1996.75","28612.701507112"
"1996.83333333333","17721.5311053936"
"1996.91666666667","34568.9111318877"
"1997","800738.187469122"
"1997.08333333333","15266.4290575447"
"1997.16666666667","NaN"
"1997.25","NaN"
"1997.33333333333","NaN"
"1997.41666666667","NaN"
"1997.5","NaN"
"1997.58333333333","133502.363157242"
"1997.66666666667","57642.9662314022"
"1997.75","200680.890360667"
"1997.83333333333","38438.4763261218"
"1997.91666666667","29033.3332356771"
"1998","380968.867739899"
"1998.08333333333","792338.169822412"
"1998.16666666667","64582.2695988907"
"1998.25","NaN"
"1998.33333333333","13066.8127038977"
"1998.41666666667","NaN"
"1998.5","NaN"
"1998.58333333333","NaN"
"1998.66666666667","NaN"
"1998.75","NaN"
"1998.83333333333","32202.9017857143"
"1998.91666666667","159423.667686075"
"1999","105664.936149022"
"1999.08333333333","107720.182085503"
"1999.16666666667","30045.212890625"
"1999.25","NaN"
"1999.33333333333","NaN"
"1999.41666666667","NaN"
"1999.5","NaN"
"1999.58333333333","13280.9098510742"
"1999.66666666667","45184.9156654053"
"1999.75","406773.068453358"
"1999.83333333333","35711.8311827596"
"1999.91666666667","68445.6714788232"
"2000","32193.6702829173"
"2000.08333333333","64306.0642579094"
"2000.16666666667","66989.811298194"
"2000.25","19032.2853551794"
"2000.33333333333","NaN"
"2000.41666666667","NaN"
"2000.5","NaN"
"2000.58333333333","37679.8981282552"
"2000.66666666667","79920.1981093628"
"2000.75","157035.662070011"
"2000.83333333333","12535.5805664062"
"2000.91666666667","NaN"
"2001","NaN"
"2001.08333333333","NaN"
"2001.16666666667","NaN"
"2001.25","NaN"
"2001.33333333333","NaN"
"2001.41666666667","NaN"
"2001.5","NaN"
"2001.58333333333","372176.933037109"
"2001.66666666667","738954.136832521"
"2001.75","324909.065104953"
"2001.83333333333","207233.020203507"
"2001.91666666667","47227.7907481414"
"2002","99350.9789739193"
"2002.08333333333","143302.478012967"
"2002.16666666667","57129.4403490369"
"2002.25","24373.3859271425"
"2002.33333333333","NaN"
"2002.41666666667","20816.1796774642"
"2002.5","13623.4095919368"
"2002.58333333333","22078.6611140667"
"2002.66666666667","40403.6016550947"
"2002.75","16819.5368363079"
"2002.83333333333","12241.9029177296"
"2002.91666666667","18631.8384759231"
"2003","61561.4418031891"
"2003.08333333333","13852.4502435593"
"2003.16666666667","99713.5654966521"
"2003.25","117653.171595451"
"2003.33333333333","72344.4193892045"
"2003.41666666667","29695.7614953904"
"2003.5","36560.9911484474"
"2003.58333333333","68407.2392447588"
"2003.66666666667","81145.7002243725"
"2003.75","NaN"
"2003.83333333333","21393.0053732102"
"2003.91666666667","17949.9727085658"
"2004","52972.4543703403"
"2004.08333333333","45977.1726362379"
"2004.16666666667","NaN"
"2004.25","NaN"
"2004.33333333333","NaN"
"2004.41666666667","NaN"
"2004.5","NaN"
"2004.58333333333","NaN"
"2004.66666666667","NaN"
"2004.75","21045.05859375"
"2004.83333333333","47711.9783093378"
"2004.91666666667","18997.5120912738"
"2005","164061.358391366"
"2005.08333333333","158497.681085279"
"2005.16666666667","110561.052136037"
"2005.25","NaN"
"2005.33333333333","44518.6413879395"
"2005.41666666667","325078.48317419"
"2005.5","102643.173274633"
"2005.58333333333","205206.784239406"
"2005.66666666667","386699.703829923"
"2005.75","72834.5653821011"
"2005.83333333333","145872.896480042"
"2005.91666666667","41072.3047446845"
"2006","NaN"
"2006.08333333333","NaN"
"2006.16666666667","NaN"
"2006.25","NaN"
"2006.33333333333","NaN"
"2006.41666666667","12322.8516170247"
"2006.5","229299.521298363"
"2006.58333333333","132242.324116712"
"2006.66666666667","227000.802277112"
"2006.75","174554.889470929"
"2006.83333333333","110413.291925514"
"2006.91666666667","18840.4112961118"
"2007","79592.9362431464"
"2007.08333333333","48039.9649056137"
"2007.16666666667","53005.4194335938"
"2007.25","NaN"
"2007.33333333333","NaN"
"2007.41666666667","NaN"
"2007.5","NaN"
"2007.58333333333","NaN"
"2007.66666666667","88988.0909378558"
"2007.75","119540.106278793"
"2007.83333333333","32348.4020496056"
"2007.91666666667","10546.5200303819"
"2008","NaN"
"2008.08333333333","NaN"
"2008.16666666667","NaN"
"2008.25","NaN"
"2008.33333333333","NaN"
"2008.41666666667","NaN"
"2008.5","NaN"
"2008.58333333333","NaN"
"2008.66666666667","NaN"
"2008.75","23298.6540096507"
"2008.83333333333","21925.2320097293"
"2008.91666666667","NaN"
"2009","NaN"
"2009.08333333333","NaN"
"2009.16666666667","NaN"
"2009.25","NaN"
"2009.33333333333","NaN"
"2009.41666666667","NaN"
"2009.5","NaN"
"2009.58333333333","NaN"
"2009.66666666667","NaN"
"2009.75","37585.1777753154"
"2009.83333333333","79871.7582704515"
"2009.91666666667","13781.7193595105"
"2010","NaN"
"2010.08333333333","NaN"
"2010.16666666667","NaN"
"2010.25","NaN"
"2010.33333333333","NaN"
"2010.41666666667","NaN"
"2010.5","NaN"
"2010.58333333333","NaN"
"2010.66666666667","NaN"
"2010.75","NaN"
"2010.83333333333","NaN"
"2010.91666666667","NaN"
"2011","NaN"
"2011.08333333333","NaN"
"2011.16666666667","NaN"
"2011.25","NaN"
"2011.33333333333","NaN"
"2011.41666666667","NaN"
"2011.5","NaN"
"2011.58333333333","NaN"
"2011.66666666667","78050.6253387563"
"2011.75","233132.985556275"
"2011.83333333333","300488.145580144"
"2011.91666666667","268863.080598922"
"2012","75448.5675968454"
"2012.08333333333","NaN"
"2012.16666666667","NaN"
"2012.25","NaN"
"2012.33333333333","NaN"
"2012.41666666667","NaN"
"2012.5","NaN"
"2012.58333333333","NaN"
"2012.66666666667","10574.365234375"
"2012.75","264390.513893793"
"2012.83333333333","299651.028698091"
"2012.91666666667","68815.7713457272"
"2013","420511.554751254"
"2013.08333333333","558619.197613636"
"2013.16666666667","NaN"
"2013.25","NaN"
"2013.33333333333","NaN"
"2013.41666666667","NaN"
"2013.5","NaN"
"2013.58333333333","NaN"
"2013.66666666667","NaN"
"2013.75","NaN"
"2013.83333333333","50675.8476213728"
"2013.91666666667","NaN"
"2014","NaN"
"2014.08333333333","NaN"
"2014.16666666667","NaN"
"2014.25","NaN"
"2014.33333333333","NaN"
"2014.41666666667","NaN"
"2014.5","438076.730697414"
"2014.58333333333","98363.0415743309"
"2014.66666666667","229818.199296708"
"2014.75","39735.9020446777"
"2014.83333333333","68852.9718745226"
"2014.91666666667","NaN"
"2015","NaN"
"2015.08333333333","NaN"
"2015.16666666667","NaN"
"2015.25","NaN"
"2015.33333333333","NaN"
"2015.41666666667","NaN"
"2015.5","NaN"
"2015.58333333333","NaN"
"2015.66666666667","38342.1233854167"
"2015.75","146751.587926986"
"2015.83333333333","618293.053583295"
"2015.91666666667","214373.734321629"
"2016","130589.573005952"
"2016.08333333333","253543.797063492"
"2016.16666666667","NaN"
"2016.25","NaN"
"2016.33333333333","NaN"
"2016.41666666667","NaN"
"2016.5","NaN"
"2016.58333333333","NaN"
"2016.66666666667","259605.044739196"
"2016.75","453119.350899578"
"2016.83333333333","181675.756510037"
"2016.91666666667","183879.924090169"
"2017","NaN"
"2017.08333333333","NaN"
"2017.16666666667","NaN"
"2017.25","NaN"
"2017.33333333333","NaN"
"2017.41666666667","NaN"
"2017.5","NaN"
"2017.58333333333","NaN"
"2017.66666666667","NaN"
"2017.75","NaN"
"2017.83333333333","83941.0957432978"
"2017.91666666667","157025.197913579"
"2018","54163.2749310662"
"2018.08333333333","NaN"
"2018.16666666667","NaN"
"2018.25","NaN"
"2018.33333333333","NaN"
"2018.41666666667","306502.161390516"
"2018.5","3373913.90203536"
"2018.58333333333","798937.610838725"
"2018.66666666667","386589.015611512"
"2018.75","689469.879721606"
"2018.83333333333","883526.609629289"
"2018.91666666667","18301.5201966864"
"2019","2917897.26452678"
"2019.08333333333","NaN"
"2019.16666666667","NaN"
"2019.25","NaN"
"2019.33333333333","NaN"
"2019.41666666667","NaN"
"2019.5","NaN"
"2019.58333333333","NaN"
"2019.66666666667","10176.7724609375"
"2019.75","1242833.51363007"
"2019.83333333333","773466.337090965"
"2019.91666666667","48787.1538560655"
"2020","NaN"
"2020.08333333333","NaN"
"2020.16666666667","NaN"
"2020.25","NaN"
"2020.33333333333","NaN"
"2020.41666666667","NaN"
"2020.5","NaN"
"2020.58333333333","NaN"
"2020.66666666667","NaN"
"2020.75","NaN"
"2020.83333333333","NaN"
"2020.91666666667","623874.185696"
"2021","167956.464496024"
"2021.08333333333","67546.6693614195"
"2021.16666666667","108363.107514881"
"2021.25","11555.75"
"2021.33333333333","76816.0834416044"
"2021.41666666667","NaN"
"2021.5","765820.199045691"
"2021.58333333333","343122.299942921"
"2021.66666666667","258855.696537688"
"2021.75","382581.212828948"
"2021.83333333333","42917.1163500276"
"2021.91666666667","NaN"
"2022","NaN"
"2022.08333333333","NaN"
"2022.16666666667","NaN"
"2022.25","NaN"
"2022.33333333333","NaN"
"2022.41666666667","NaN"
"2022.5","NaN"
"2022.58333333333","NaN"
"2022.66666666667","NaN"
"2022.75","43976.8030344319"
"2022.83333333333","408836.482944964"
"2022.91666666667","100047.742200022"
"2023","65070.5007571506"
"2023.08333333333","369317.340923398"
"2023.16666666667","217555.60495528"
"2023.25","34578.9907101739"
"2023.33333333333","NaN"
"2023.41666666667","NaN"
"2023.5","NaN"
"2023.58333333333","NaN"
"2023.66666666667","NaN"
"2023.75","NaN"
"2023.83333333333","NaN"
"2023.91666666667","NaN"
"2024","NaN"
"2024.08333333333","NaN"
"2024.16666666667","NaN"
"2024.25","NaN"
"2024.33333333333","NaN"
"2024.41666666667","NaN"
"2024.5","NaN"
"2024.58333333333","NaN"
"2024.66666666667","15920.2946428571"
"2024.75","162389.946150215"
"2024.83333333333","40681.4455059561"
"2024.91666666667","261856.773681317"
"2025","133024.934651522"
"2025.08333333333","105239.808578249"
"2025.16666666667","NaN"
"2025.25","NaN"
"2025.33333333333","NaN"
"2025.41666666667","NaN"
"2025.5","NaN"
"2025.58333333333","NaN"
"2025.66666666667","NaN"
"2025.75","117865.381554237"
"2025.83333333333","60895.3482452877"
"2025.91666666667","53312.2454427083"
