"indicator","Northernmost Extent of Loop Current"
"unit","latitude"
"extent","Gulf of America"
"Jan-1994","26.3125"
"Feb-1994","26.4375"
"Mar-1994","26.9375"
"Apr-1994","26.6875"
"May-1994","26.9375"
"Jun-1994","27.3125"
"Jul-1994","27.4375"
"Aug-1994","28.0625"
"Sep-1994","25.5625"
"Oct-1994","25.8125"
"Nov-1994","25.3125"
"Dec-1994","26.0625"
"Jan-1995","26.6875"
"Feb-1995","27.3125"
"Mar-1995","25.0625"
"Apr-1995","27.9375"
"May-1995","26.0625"
"Jun-1995","26.6875"
"Jul-1995","26.9375"
"Aug-1995","27.6875"
"Sep-1995","25.9375"
"Oct-1995","25.4375"
"Nov-1995","25.8125"
"Dec-1995","26.3125"
"Jan-1996","26.9375"
"Feb-1996","23.5625"
"Mar-1996","26.1875"
"Apr-1996","25.9375"
"May-1996","26.4375"
"Jun-1996","26.6875"
"Jul-1996","26.8125"
"Aug-1996","23.4375"
"Sep-1996","23.8125"
"Oct-1996","24.4375"
"Nov-1996","24.4375"
"Dec-1996","24.0625"
"Jan-1997","24.4375"
"Feb-1997","24.8125"
"Mar-1997","25.3125"
"Apr-1997","25.6875"
"May-1997","26.4375"
"Jun-1997","26.9375"
"Jul-1997","27.3125"
"Aug-1997","27.5625"
"Sep-1997","27.8125"
"Oct-1997","25.0625"
"Nov-1997","26.1875"
"Dec-1997","26.8125"
"Jan-1998","27.4375"
"Feb-1998","23.9375"
"Mar-1998","24.6875"
"Apr-1998","24.5625"
"May-1998","24.6875"
"Jun-1998","24.3125"
"Jul-1998","24.9375"
"Aug-1998","25.3125"
"Sep-1998","24.6875"
"Oct-1998","24.4375"
"Nov-1998","24.3125"
"Dec-1998","25.4375"
"Jan-1999","25.6875"
"Feb-1999","26.6875"
"Mar-1999","26.6875"
"Apr-1999","26.8125"
"May-1999","27.1875"
"Jun-1999","28.0625"
"Jul-1999","27.1875"
"Aug-1999","28.4375"
"Sep-1999","27.9375"
"Oct-1999","24.5625"
"Nov-1999","25.4375"
"Dec-1999","26.1875"
"Jan-2000","26.5625"
"Feb-2000","26.8125"
"Mar-2000","26.8125"
"Apr-2000","26.8125"
"May-2000","26.6875"
"Jun-2000","26.3125"
"Jul-2000","25.8125"
"Aug-2000","26.1875"
"Sep-2000","26.8125"
"Oct-2000","26.8125"
"Nov-2000","26.8125"
"Dec-2000","26.9375"
"Jan-2001","27.1875"
"Feb-2001","26.8125"
"Mar-2001","27.5625"
"Apr-2001","25.5625"
"May-2001","26.0625"
"Jun-2001","26.5625"
"Jul-2001","27.3125"
"Aug-2001","27.5625"
"Sep-2001","27.6875"
"Oct-2001","26.6875"
"Nov-2001","27.3125"
"Dec-2001","23.5625"
"Jan-2002","26.9375"
"Feb-2002","27.1875"
"Mar-2002","24.5625"
"Apr-2002","24.3125"
"May-2002","24.4375"
"Jun-2002","24.8125"
"Jul-2002","25.3125"
"Aug-2002","25.3125"
"Sep-2002","24.9375"
"Oct-2002","25.1875"
"Nov-2002","25.8125"
"Dec-2002","26.4375"
"Jan-2003","27.1875"
"Feb-2003","26.9375"
"Mar-2003","26.6875"
"Apr-2003","27.4375"
"May-2003","28.1875"
"Jun-2003","28.4375"
"Jul-2003","25.5625"
"Aug-2003","26.8125"
"Sep-2003","27.0625"
"Oct-2003","28.3125"
"Nov-2003","24.1875"
"Dec-2003","26.4375"
"Jan-2004","25.4375"
"Feb-2004","25.6875"
"Mar-2004","26.3125"
"Apr-2004","26.6875"
"May-2004","26.9375"
"Jun-2004","26.6875"
"Jul-2004","27.1875"
"Aug-2004","28.3125"
"Sep-2004","25.3125"
"Oct-2004","25.4375"
"Nov-2004","25.6875"
"Dec-2004","26.0625"
"Jan-2005","26.6875"
"Feb-2005","28.0625"
"Mar-2005","26.1875"
"Apr-2005","28.0625"
"May-2005","28.3125"
"Jun-2005","28.4375"
"Jul-2005","28.0625"
"Aug-2005","27.8125"
"Sep-2005","27.0625"
"Oct-2005","27.3125"
"Nov-2005","27.0625"
"Dec-2005","27.5625"
"Jan-2006","27.4375"
"Feb-2006","27.5625"
"Mar-2006","26.0625"
"Apr-2006","26.4375"
"May-2006","27.0625"
"Jun-2006","27.6875"
"Jul-2006","28.4375"
"Aug-2006","27.8125"
"Sep-2006","27.5625"
"Oct-2006","25.4375"
"Nov-2006","25.5625"
"Dec-2006","26.0625"
"Jan-2007","26.4375"
"Feb-2007","26.6875"
"Mar-2007","28.0625"
"Apr-2007","25.5625"
"May-2007","25.3125"
"Jun-2007","28.6875"
"Jul-2007","26.1875"
"Aug-2007","28.0625"
"Sep-2007","27.3125"
"Oct-2007","27.3125"
"Nov-2007","28.1875"
"Dec-2007","27.0625"
"Jan-2008","26.9375"
"Feb-2008","26.8125"
"Mar-2008","26.5625"
"Apr-2008","26.4375"
"May-2008","26.9375"
"Jun-2008","26.9375"
"Jul-2008","25.5625"
"Aug-2008","25.9375"
"Sep-2008","26.4375"
"Oct-2008","26.6875"
"Nov-2008","26.9375"
"Dec-2008","27.1875"
"Jan-2009","27.1875"
"Feb-2009","27.8125"
"Mar-2009","25.6875"
"Apr-2009","26.0625"
"May-2009","26.9375"
"Jun-2009","26.9375"
"Jul-2009","23.4375"
"Aug-2009","24.8125"
"Sep-2009","26.1875"
"Oct-2009","24.8125"
"Nov-2009","24.8125"
"Dec-2009","24.9375"
"Jan-2010","25.8125"
"Feb-2010","26.4375"
"Mar-2010","26.5625"
"Apr-2010","26.9375"
"May-2010","27.0625"
"Jun-2010","24.5625"
"Jul-2010","24.1875"
"Aug-2010","25.5625"
"Sep-2010","24.8125"
"Oct-2010","25.0625"
"Nov-2010","25.0625"
"Dec-2010","24.9375"
"Jan-2011","27.1875"
"Feb-2011","27.1875"
"Mar-2011","27.3125"
"Apr-2011","27.3125"
"May-2011","27.6875"
"Jun-2011","27.1875"
"Jul-2011","28.0625"
"Aug-2011","27.6875"
"Sep-2011","26.5625"
"Oct-2011","27.1875"
"Nov-2011","24.3125"
"Dec-2011","27.1875"
"Jan-2012","26.3125"
"Feb-2012","26.1875"
"Mar-2012","26.8125"
"Apr-2012","26.6875"
"May-2012","27.0625"
"Jun-2012","23.3125"
"Jul-2012","24.1875"
"Aug-2012","23.9375"
"Sep-2012","23.8125"
"Oct-2012","24.0625"
"Nov-2012","24.3125"
"Dec-2012","25.4375"
"Jan-2013","26.3125"
"Feb-2013","27.3125"
"Mar-2013","28.1875"
"Apr-2013","24.5625"
"May-2013","27.9375"
"Jun-2013","24.8125"
"Jul-2013","24.8125"
"Aug-2013","25.4375"
"Sep-2013","24.8125"
"Oct-2013","25.6875"
"Nov-2013","24.5625"
"Dec-2013","24.8125"
"Jan-2014","25.4375"
"Feb-2014","26.1875"
"Mar-2014","26.5625"
"Apr-2014","26.9375"
"May-2014","27.0625"
"Jun-2014","26.9375"
"Jul-2014","26.0625"
"Aug-2014","28.0625"
"Sep-2014","28.3125"
"Oct-2014","27.8125"
"Nov-2014","27.6875"
"Dec-2014","26.8125"
"Jan-2015","28.0625"
"Feb-2015","27.9375"
"Mar-2015","27.6875"
"Apr-2015","28.0625"
"May-2015","27.6875"
"Jun-2015","27.8125"
"Jul-2015","27.9375"
"Aug-2015","28.3125"
"Sep-2015","25.6875"
"Oct-2015","27.8125"
"Nov-2015","27.6875"
"Dec-2015","27.8125"
"Jan-2016","26.0625"
"Feb-2016","26.5625"
"Mar-2016","27.0625"
"Apr-2016","24.4375"
"May-2016","24.1875"
"Jun-2016","23.9375"
"Jul-2016","24.3125"
"Aug-2016","24.3125"
"Sep-2016","24.1875"
"Oct-2016","24.0625"
"Nov-2016","24.4375"
"Dec-2016","25.0625"
"Jan-2017","24.8125"
"Feb-2017","24.6875"
"Mar-2017","24.9375"
"Apr-2017","25.5625"
"May-2017","26.0625"
"Jun-2017","26.1875"
"Jul-2017","27.0625"
"Aug-2017","26.9375"
"Sep-2017","27.1875"
"Oct-2017","27.3125"
"Nov-2017","25.8125"
"Dec-2017","26.1875"
"Jan-2018","28.4375"
"Feb-2018","25.9375"
"Mar-2018","26.3125"
"Apr-2018","26.6875"
"May-2018","26.5625"
"Jun-2018","27.0625"
"Jul-2018","24.1875"
"Aug-2018","24.6875"
"Sep-2018","24.0625"
"Oct-2018","24.3125"
"Nov-2018","24.5625"
"Dec-2018","24.8125"
"Jan-2019","26.0625"
"Feb-2019","26.4375"
"Mar-2019","26.8125"
"Apr-2019","27.0625"
"May-2019","27.5625"
"Jun-2019","27.4375"
"Jul-2019","25.0625"
"Aug-2019","25.6875"
"Sep-2019","26.3125"
"Oct-2019","25.5625"
"Nov-2019","25.9375"
"Dec-2019","27.1875"
"Jan-2020","27.4375"
"Feb-2020","24.4375"
"Mar-2020","27.0625"
"Apr-2020","25.3125"
"May-2020","24.9375"
"Jun-2020","24.5625"
"Jul-2020","25.0625"
"Aug-2020","25.8125"
"Sep-2020","25.6875"
"Oct-2020","24.6875"
"Nov-2020","25.0625"
"Dec-2020","25.9375"
"Jan-2021","26.9375"
"Feb-2021","27.3125"
"Mar-2021","27.5625"
"Apr-2021","28.0625"
"May-2021","27.8125"
"Jun-2021","27.6875"
"Jul-2021","27.9375"
"Aug-2021","28.0625"
"Sep-2021","27.9375"
"Oct-2021","27.9375"
"Nov-2021","27.9375"
"Dec-2021","26.1875"
"Jan-2022","27.1875"
"Feb-2022","28.3125"
"Mar-2022","28.6875"
"Apr-2022","28.9375"
"May-2022","27.8125"
"Jun-2022","27.9375"
"Jul-2022","23.9375"
"Aug-2022","28.0625"
"Sep-2022","27.8125"
"Oct-2022","26.4375"
"Nov-2022","26.8125"
"Dec-2022","28.4375"
"Jan-2023","24.4375"
"Feb-2023","26.9375"
"Mar-2023","26.9375"
"Apr-2023","26.6875"
"May-2023","27.0625"
"Jun-2023","27.1875"
"Jul-2023","28.1875"
"Aug-2023","27.8125"
"Sep-2023","27.5625"
"Oct-2023","25.0625"
"Nov-2023","25.3125"
"Dec-2023","25.5625"
"Jan-2024","26.5625"
"Feb-2024","27.9375"
"Mar-2024","25.5625"
"Apr-2024","26.0625"
"May-2024","26.5625"
"Jun-2024","26.6875"
"Jul-2024","27.1875"
"Aug-2024","28.5625"
"Sep-2024","27.8125"
"Oct-2024","27.4375"
"Nov-2024","24.6875"
"Dec-2024","25.1875"
"Jan-2025","27.3125"
"Feb-2025","27.6875"
"Mar-2025","26.1875"
"Apr-2025","26.5625"
"May-2025","26.6875"
"Jun-2025","26.9375"
"Jul-2025","27.0625"
"Aug-2025","27.1875"
"Sep-2025","24.9375"
"Oct-2025","25.1875"
"Nov-2025","26.6875"
"Dec-2025","27.5625"
"Jan-2026","27.1875"
"Feb-2026","27.5625"
"Mar-2026","28.0625"
"Apr-2026","26.4375"
"May-2026","26.5625"
