"indicator","Commercial landings","Commercial landings","Commercial landings","Commercial landings"
"unit","Whole weight (million lbs)","Real value (2024 $ million)","Whole weight (million lbs)","Real value (2024 $ million)"
"extent","Unmanaged food fish","Unmanaged food fish","Unmanaged bait/forage fish","Unmanaged bait/forage fish"
"1972","61.037035","47.844831893924","1.8548","0.951048515011113"
"1973","70.114982","55.1639722391405","2.1209","1.13780883263733"
"1974","64.844987","52.9441409385109","2.7091","1.43672382267042"
"1975","59.93202","49.087645657729","2.2821","1.20761706532302"
"1976","48.553344","44.0278667127312","2.9587","1.44562848242748"
"1977","42.855029","41.5449848906965","2.528782","1.23241189307789"
"1978","50.3893071538461","46.1757272814462","3.408749","1.490332196"
"1979","52.4841951590909","46.8008874842695","4.513478","1.86488716772824"
"1980","58.515154","47.5632481063054","4.16618","1.57481958937678"
"1981","62.933174","52.0212457401636","4.680076","1.80828408022463"
"1982","51.274632","44.1634715718995","5.192271","2.00502689296803"
"1983","49.522422","43.1063777113187","4.902008","1.92770423958723"
"1984","42.7668970602135","37.2608015476049","5.26198883189362","1.56313785208305"
"1985","40.279864","34.9908310133984","6.353334","1.94377070410397"
"1986","49.8713682484299","24.1923528127682","7.85157454573939","0.114228146737464"
"1987","53.3773599816953","24.4361731642499","9.5413393483304","0.46035190746263"
"1988","53.4408678477386","51.8167201336176","8.03348224597449","3.32666042544005"
"1989","52.0100289268241","52.6325798592362","13.2119139525843","6.81123343711548"
"1990","53.0228555160666","54.9273252018579","8.1056288267284","3.54904195901056"
"1991","45.78724163671","46.4492054605996","8.31050029917449","3.56924079635568"
"1992","48.1616315406706","48.4732338992843","9.84105964863669","2.89658716365779"
"1993","51.5837195935375","55.1941860381057","11.8510142870183","5.0670389992851"
"1994","50.0605621598081","61.425110353525","11.6421439999507","4.24264680783185"
"1995","40.7440350862724","53.9653381636538","5.89601347767223","3.92577463428808"
"1996","30.2743436030114","42.7176318693359","6.49641558566209","3.52305401055977"
"1997","32.099373","41.8912655618622","6.51143692","3.30016392770353"
"1998","28.283467","32.5395204378826","6.72630465","3.71958342228899"
"1999","35.89916353","44.0333366406619","5.43369964","2.90903923472766"
"2000","28.31508166","34.9481438046802","7.43710838","3.80077861023722"
"2001","27.80326728","30.9536254034769","8.00257574","5.59291298412723"
"2002","24.00282876","28.105272432512","7.75243388","4.41497328602227"
"2003","24.1212559","26.0372241626092","7.24839041","5.40505060592187"
"2004","22.92934936","24.5970581292314","8.72053322","4.67871100274834"
"2005","17.89304689","21.0897595580396","6.33933874","4.94001284343021"
"2006","20.77136272","24.9504740969866","5.48910918","2.73513639265465"
"2007","17.21283728","19.0898061959413","3.62912069","2.47829554386741"
"2008","19.17562292","19.6406414967502","6.81242025","3.25662914733732"
"2009","20.25348797","19.4238604332975","6.21654937","3.01157294969184"
"2010","17.29833475","16.7218767211595","5.53005315","2.50185539328939"
"2011","22.96243936","24.4169609349837","4.46390645","2.8356177402321"
"2012","21.19936538","22.8187555328235","6.31976191","2.83835562443779"
"2013","23.84389553","30.2617354038519","5.24510582","2.92079940108722"
"2014","24.27329919","26.5026883245461","6.29481859","2.61937971757827"
"2015","20.33949814","21.7206798868962","4.98504092","2.23619741796087"
"2016","22.12546723","24.9687066592997","7.0871261","3.13033913469292"
"2017","17.88157691","19.7966669193673","6.89475944","3.28663327901598"
"2018","16.89965595","18.4141258843212","7.08827467","2.99370031866718"
"2019","15.74198866","18.2729957695716","7.55330897","2.61143725197048"
"2020","11.36308814","12.6670201269929","5.08954417","2.13326006334208"
"2021","11.67976603","13.1158314663448","3.54233095","1.72530457841648"
"2022","12.31628099","14.5440168796663","3.96066379","1.72737289518631"
"2023","9.64065722","12.1115739283531","4.08724958","2.01665612081671"
"2024","9.64429","11.377785544","4.83124267","1.9976021024"
"2025","11.5677821","13.4675568763028","6.06197974","2.48304285759971"
